Job ID: 1216669, node k171
raw: /group/pgh004/carrow/data/NECKFLIX -> cache: /group/pgh004/carrow/caches/neckflix_zarr
ECF plugin: /group/pgh004/carrow/repo/remote-physiology/dataset/cachers/neckflix/hdf5_plugin
Found 332 recordings; scanning metadata...
Processing 332 recordings with 8 workers...
failed P001_S01_R4_45_N
failed P001_S01_R2_0_N
failed P002_S01_R3_45_D
failed P002_S01_R2_0_N
failed P002_S01_R4_45_N
failed P001_S01_R1_0_D
failed P001_S01_R3_45_D
failed P001_S01_R5_90_D
failed P002_S01_R1_0_D
failed P003_S01_R2_0_N
failed P003_S01_R4_45_N
failed P003_S01_R1_0_D
failed P004_S01_R2_0_N
failed P003_S01_R3_45_D
failed P004_S01_R4_45_N
failed P004_S01_R1_0_D
failed P004_S01_R3_45_D
failed P004_S01_R5_90_D
failed P004_S01_R6_90_N
failed P005_S01_R2_0_N
failed P005_S01_R4_45_N
failed P005_S01_R1_0_D
failed P005_S01_R3_45_D
failed P007_S01_R4_45_N
failed P007_S01_R2_0_N
failed P007_S01_R1_0_D
failed P007_S01_R3_45_D
failed P008_S01_R2_0_N
failed P008_S01_R6_90_N
failed P008_S01_R1_0_D
failed P008_S01_R4_45_N
failed P008_S01_R3_45_D
failed P009_S01_R2_0_N
failed P008_S01_R5_90_D
failed P009_S01_R1_0_D
failed P009_S01_R4_45_N
failed P009_S01_R6_90_N
failed P009_S01_R3_45_D
failed P009_S01_R5_90_D
failed P009_S02_R2_0_N
failed P009_S02_R4_45_N
failed P009_S02_R1_0_D
failed P009_S02_R6_90_N
failed P009_S02_R3_45_D
failed P010_S01_R1_0_D
failed P009_S02_R5_90_D
failed P010_S01_R2_0_N
failed P010_S01_R6_90_N
failed P010_S01_R4_45_N
failed P011_S01_R4_45_N
failed P011_S01_R2_0_N
failed P010_S01_R3_45_D
failed P010_S01_R5_90_D
failed P011_S01_R1_0_D
failed P011_S01_R6_90_N
failed P011_S01_R3_45_D
failed P011_S01_R5_90_D
failed P012_S01_R2_0_N
failed P012_S01_R4_45_N
failed P012_S01_R1_0_D
failed P012_S01_R6_90_N
failed P012_S01_R3_45_D
failed P012_S01_R5_90_D
failed P013_S01_R2_0_N
failed P013_S01_R4_45_N
failed P013_S01_R1_0_D
failed P013_S01_R6_90_N
failed P013_S01_R5_90_D
failed P013_S01_R3_45_D
failed P014_S01_R2_0_N
failed P014_S01_R1_0_D
failed P014_S01_R6_90_N
failed P014_S01_R3_45_D
failed P014_S01_R4_45_N
failed P014_S01_R5_90_D
failed P014_S02_R2_0_N
failed P014_S02_R1_0_D
failed P014_S02_R4_45_N
failed P014_S02_R3_45_D
failed P014_S02_R6_90_N
failed P014_S03_R2_0_N
failed P014_S03_R4_45_N
failed P014_S02_R5_90_D
failed P014_S03_R1_0_D
failed P014_S03_R3_45_D
failed P014_S03_R6_90_N
failed P014_S03_R5_90_D
failed P015_S01_R2_0_N
failed P015_S01_R6_0_N
failed P015_S01_R4_0_N
failed P015_S01_R1_0_D
failed P015_S01_R7_0_D
failed P015_S01_R3_0_D
failed P015_S01_R5_0_D
failed P015_S01_R8_0_N
failed P015_S02_R2_45_N
failed P017_S01_R2_0_N
failed P015_S02_R1_45_D
failed P017_S01_R4_45_N
failed P017_S01_R1_0_D
failed P017_S01_R3_45_D
failed P017_S01_R5_90_D
failed P017_S01_R6_90_N
failed P017_S02_R2_0_N
failed P017_S02_R1_0_D
failed P017_S02_R4_45_N
failed P017_S02_R6_90_N
failed P017_S02_R5_90_D
failed P017_S02_R3_45_D
failed P022_S01_R2_0_N
failed P022_S01_R1_0_D
failed P022_S01_R4_45_N
failed P022_S01_R6_90_N
failed P022_S01_R3_45_D
failed P023_S01_R2_0_N
failed P022_S01_R5_90_D
failed P023_S01_R1_0_D
failed P023_S01_R4_0_N
failed P023_S01_R3_0_D
failed P023_S01_R6_45_N
failed P023_S01_R7_90_D
failed P023_S01_R5_45_D
failed P024_S01_R2_0_N
failed P025_S01_R2_0_N
failed P024_S01_R1_0_D
failed P024_S01_R6_90_N
failed P024_S01_R3_45_D
failed P024_S01_R4_45_D
failed P024_S01_R5_90_D
failed P025_S01_R1_0_D
failed P025_S01_R4_45_N
failed P025_S01_R6_90_N
failed P025_S01_R5_90_D
failed P025_S01_R3_45_D
failed P026_S01_R2_0_N
failed P026_S01_R3_45_D
failed P026_S01_R1_0_D
failed P026_S01_R4_45_N
failed P026_S01_R6_90_N
failed P027_S01_R2_0_N
failed P026_S01_R5_90_D
failed P027_S01_R6_90_N
failed P027_S01_R4_45_N
failed P027_S01_R1_0_D
failed P027_S01_R3_45_D
failed P027_S01_R5_90_D
failed P028_S01_R3_45_N
failed P028_S01_R1_45_D
failed P028_S01_R5_90_N
failed P028_S01_R4_90_D
failed P029_S01_R2_45_N
failed P028_S01_R2_45_D
failed P029_S01_R4_90_N
failed P029_S01_R3_90_D
failed P029_S01_R1_45_D
failed P030_S01_R2_0_N
failed P030_S01_R4_45_N
failed P030_S01_R1_0_D
failed P030_S01_R6_90_N
failed P030_S01_R3_45_D
failed P030_S01_R5_90_D
failed P031_S01_R2_0_N
failed P031_S01_R4_45_N
failed P031_S01_R1_0_D
failed P031_S01_R3_45_D
skipped P032_S01_R6_90_D
failed P032_S01_R1_0_D
failed P031_S01_R6_90_N
failed P031_S01_R5_90_D
failed P032_S01_R3_0_N
failed P032_S01_R8_90_D
failed P032_S01_R5_45_N
failed P032_S01_R2_0_D
failed P032_S01_R4_45_D
failed P032_S01_R7_90_D
failed P033_S01_R8_90_N
failed P033_S01_R6_90_N
failed P033_S01_R2_0_N
failed P033_S01_R1_0_D
failed P033_S01_R4_45_N
failed P033_S01_R5_90_D
failed P033_S01_R3_45_D
failed P033_S01_R7_90_D
failed P034_S01_R2_0_N
failed P034_S01_R6_90_N
failed P034_S01_R4_45_N
failed P034_S01_R1_0_D
failed P034_S01_R5_90_D
failed P035_S01_R2_0_N
failed P034_S01_R3_45_D
failed P035_S01_R1_0_D
failed P035_S01_R4_45_N
failed P035_S01_R6_90_N
failed P035_S01_R5_90_D
failed P035_S01_R3_45_D
failed P036_S01_R2_0_N
failed P037_S01_R1_45_D
failed P036_S01_R4_45_N
failed P036_S01_R3_45_D
failed P036_S01_R6_90_N
failed P036_S01_R1_0_D
failed P036_S01_R5_90_D
failed P038_S01_R1_0_D
failed P037_S01_R3_45_N
failed P037_S01_R5_90_N
failed P037_S01_R2_45_D
failed P038_S01_R3_0_N
failed P037_S01_R4_90_D
failed P038_S01_R2_0_D
failed P038_S01_R7_90_N
failed P038_S01_R5_45_N
failed P038_S01_R4_45_D
failed P038_S01_R6_90_D
failed P039_S01_R2_0_N
failed P039_S01_R4_45_N
failed P039_S01_R1_0_D
failed P039_S01_R3_45_D
failed P040_S01_R2_0_N
failed P040_S01_R4_45_N
failed P040_S01_R1_0_D
failed P040_S01_R6_90_N
failed P040_S01_R3_45_D
failed P041_S01_R4_45_N
failed P041_S01_R6_45_N
failed P040_S01_R5_90_D
failed P041_S01_R2_0_N
failed P041_S01_R3_45_D
failed P041_S01_R1_0_D
failed P041_S01_R8_90_N
failed P041_S01_R7_90_D
failed P043_S01_R2_0_N
failed P041_S01_R5_45_D
failed P044_S01_R1_0_D
failed P043_S01_R1_0_D
failed P043_S01_R4_45_N
failed P043_S01_R3_45_D
failed P043_S01_R6_90_N
failed P043_S01_R5_90_D
failed P044_S01_R3_0_N
failed P044_S01_R7_90_N
failed P044_S01_R5_45_N
failed P044_S01_R2_0_D
failed P044_S01_R4_45_D
failed P044_S01_R6_90_D
failed P045_S01_R3_0_N
failed P045_S01_R1_0_D
failed P045_S01_R2_0_D
failed P045_S01_R5_45_N
failed P045_S01_R7_90_N
failed P045_S01_R6_90_D
failed P045_S01_R4_45_D
failed P046_S01_R2_0_N
failed P046_S01_R1_0_D
failed P046_S01_R4_45_N
failed P046_S01_R6_90_N
failed P046_S01_R3_45_D
failed P046_S01_R5_90_D
failed P047_S01_R2_0_N
failed P047_S01_R4_45_N
failed P047_S01_R1_0_D
failed P047_S01_R6_90_N
failed P047_S01_R3_45_D
failed P047_S01_R5_90_D
failed P049_S01_R2_0_N
failed P049_S01_R4_45_N
failed P049_S01_R3_45_D
failed P049_S01_R6_90_N
failed P049_S01_R1_0_D
failed P049_S01_R5_90_D
failed P050_S01_R2_0_N
failed P050_S01_R4_45_N
failed P050_S01_R1_0_D
failed P050_S01_R3_45_D
failed P050_S01_R6_90_N
failed P050_S01_R5_90_D
failed P051_S01_R2_0_N
failed P051_S01_R1_0_D
failed P051_S01_R4_45_N
failed P051_S01_R6_90_N
failed P051_S01_R3_45_D
failed P052_S01_R2_45_N
failed P051_S01_R5_90_D
failed P052_S01_R1_45_D
failed P052_S01_R4_90_N
failed P052_S01_R3_90_D
failed P053_S01_R2_0_N
failed P053_S01_R1_0_D
failed P053_S01_R4_45_N
failed P053_S01_R3_45_D
failed P053_S01_R6_90_N
failed P053_S01_R5_90_D
failed P054_S01_R3_90_D
failed P054_S01_R1_45_D
failed P054_S01_R2_45_N
failed P054_S01_R5_90_N
failed P055_S01_R2_0_N
failed P055_S01_R4_45_N
failed P054_S01_R4_90_D
failed P055_S01_R1_0_D
failed P055_S01_R6_90_N
failed P055_S01_R3_45_D
failed P055_S01_R5_90_D
failed P056_S01_R11_90_N
failed P056_S01_R3_45_D
failed P056_S01_R10_90_D
failed P056_S01_R2_0_N
failed P056_S01_R7_90_N
failed P056_S01_R1_0_D
failed P056_S01_R5_45_N
failed P056_S01_R4_45_D
failed P056_S01_R6_90_D
failed P056_S02_R3_45_D
failed P056_S02_R2_0_N
failed P056_S01_R8_90_D
failed P056_S02_R5_45_N
failed P056_S02_R1_0_D
failed P056_S02_R7_90_N
failed P057_S01_R3_45_D
failed P056_S02_R4_45_D
failed P056_S02_R6_90_D
failed P057_S01_R1_0_D
failed P057_S01_R2_0_N
failed P057_S01_R5_45_N
failed P057_S01_R7_90_N
failed P058_S01_R2_0_N
failed P057_S01_R4_45_D
failed P057_S01_R6_90_D
failed P058_S01_R4_45_N
failed P058_S01_R1_0_D
failed P058_S01_R3_45_D
failed P058_S01_R6_90_N
failed P058_S01_R5_90_D
FAILED [P001_S01_R4_45_N]:
EcfPluginError: Cannot decode /group/pgh004/carrow/data/NECKFLIX/data/P001_S01_R4_45_N/EV.hdf5: the ECF HDF5 plugin is unavailable. Run inside the neckflix container, or build the plugin with build_scripts/build_plugin.sh and set HDF5_PLUGIN_PATH.
FAILED [P001_S01_R2_0_N]:
EcfPluginError: Cannot decode /group/pgh004/carrow/data/NECKFLIX/data/P001_S01_R2_0_N/EV.hdf5: the ECF HDF5 plugin is unavailable. Run inside the neckflix container, or build the plugin with build_scripts/build_plugin.sh and set HDF5_PLUGIN_PATH.
FAILED [P002_S01_R3_45_D]:
EcfPluginError: Cannot decode /group/pgh004/carrow/data/NECKFLIX/data/P002_S01_R3_45_D/EV.hdf5: the ECF HDF5 plugin is unavailable. Run inside the neckflix container, or build the plugin with build_scripts/build_plugin.sh and set HDF5_PLUGIN_PATH.
FAILED [P002_S01_R2_0_N]:
EcfPluginError: Cannot decode /group/pgh004/carrow/data/NECKFLIX/data/P002_S01_R2_0_N/EV.hdf5: the ECF HDF5 plugin is unavailable. Run inside the neckflix container, or build the plugin with build_scripts/build_plugin.sh and set HDF5_PLUGIN_PATH.
FAILED [P002_S01_R4_45_N]:
EcfPluginError: Cannot decode /group/pgh004/carrow/data/NECKFLIX/data/P002_S01_R4_45_N/EV.hdf5: the ECF HDF5 plugin is unavailable. Run inside the neckflix container, or build the plugin with build_scripts/build_plugin.sh and set HDF5_PLUGIN_PATH.
FAILED [P001_S01_R1_0_D]:
EcfPluginError: Cannot decode /group/pgh004/carrow/data/NECKFLIX/data/P001_S01_R1_0_D/EV.hdf5: the ECF HDF5 plugin is unavailable. Run inside the neckflix container, or build the plugin with build_scripts/build_plugin.sh and set HDF5_PLUGIN_PATH.
FAILED [P001_S01_R3_45_D]:
EcfPluginError: Cannot decode /group/pgh004/carrow/data/NECKFLIX/data/P001_S01_R3_45_D/EV.hdf5: the ECF HDF5 plugin is unavailable. Run inside the neckflix container, or build the plugin with build_scripts/build_plugin.sh and set HDF5_PLUGIN_PATH.
FAILED [P001_S01_R5_90_D]:
EcfPluginError: Cannot decode /group/pgh004/carrow/data/NECKFLIX/data/P001_S01_R5_90_D/EV.hdf5: the ECF HDF5 plugin is unavailable. Run inside the neckflix container, or build the plugin with build_scripts/build_plugin.sh and set HDF5_PLUGIN_PATH.
FAILED [P002_S01_R1_0_D]:
EcfPluginError: Cannot decode /group/pgh004/carrow/data/NECKFLIX/data/P002_S01_R1_0_D/EV.hdf5: the ECF HDF5 plugin is unavailable. Run inside the neckflix container, or build the plugin with build_scripts/build_plugin.sh and set HDF5_PLUGIN_PATH.
FAILED [P003_S01_R2_0_N]:
EcfPluginError: Cannot decode /group/pgh004/carrow/data/NECKFLIX/data/P003_S01_R2_0_N/EV.hdf5: the ECF HDF5 plugin is unavailable. Run inside the neckflix container, or build the plugin with build_scripts/build_plugin.sh and set HDF5_PLUGIN_PATH.
FAILED [P003_S01_R4_45_N]:
EcfPluginError: Cannot decode /group/pgh004/carrow/data/NECKFLIX/data/P003_S01_R4_45_N/EV.hdf5: the ECF HDF5 plugin is unavailable. Run inside the neckflix container, or build the plugin with build_scripts/build_plugin.sh and set HDF5_PLUGIN_PATH.
FAILED [P003_S01_R1_0_D]:
EcfPluginError: Cannot decode /group/pgh004/carrow/data/NECKFLIX/data/P003_S01_R1_0_D/EV.hdf5: the ECF HDF5 plugin is unavailable. Run inside the neckflix container, or build the plugin with build_scripts/build_plugin.sh and set HDF5_PLUGIN_PATH.
FAILED [P004_S01_R2_0_N]:
EcfPluginError: Cannot decode /group/pgh004/carrow/data/NECKFLIX/data/P004_S01_R2_0_N/EV.hdf5: the ECF HDF5 plugin is unavailable. Run inside the neckflix container, or build the plugin with build_scripts/build_plugin.sh and set HDF5_PLUGIN_PATH.
FAILED [P003_S01_R3_45_D]:
EcfPluginError: Cannot decode /group/pgh004/carrow/data/NECKFLIX/data/P003_S01_R3_45_D/EV.hdf5: the ECF HDF5 plugin is unavailable. Run inside the neckflix container, or build the plugin with build_scripts/build_plugin.sh and set HDF5_PLUGIN_PATH.
FAILED [P004_S01_R4_45_N]:
EcfPluginError: Cannot decode /group/pgh004/carrow/data/NECKFLIX/data/P004_S01_R4_45_N/EV.hdf5: the ECF HDF5 plugin is unavailable. Run inside the neckflix container, or build the plugin with build_scripts/build_plugin.sh and set HDF5_PLUGIN_PATH.
FAILED [P004_S01_R1_0_D]:
EcfPluginError: Cannot decode /group/pgh004/carrow/data/NECKFLIX/data/P004_S01_R1_0_D/EV.hdf5: the ECF HDF5 plugin is unavailable. Run inside the neckflix container, or build the plugin with build_scripts/build_plugin.sh and set HDF5_PLUGIN_PATH.
FAILED [P004_S01_R3_45_D]:
EcfPluginError: Cannot decode /group/pgh004/carrow/data/NECKFLIX/data/P004_S01_R3_45_D/EV.hdf5: the ECF HDF5 plugin is unavailable. Run inside the neckflix container, or build the plugin with build_scripts/build_plugin.sh and set HDF5_PLUGIN_PATH.
FAILED [P004_S01_R5_90_D]:
EcfPluginError: Cannot decode /group/pgh004/carrow/data/NECKFLIX/data/P004_S01_R5_90_D/EV.hdf5: the ECF HDF5 plugin is unavailable. Run inside the neckflix container, or build the plugin with build_scripts/build_plugin.sh and set HDF5_PLUGIN_PATH.
FAILED [P004_S01_R6_90_N]:
EcfPluginError: Cannot decode /group/pgh004/carrow/data/NECKFLIX/data/P004_S01_R6_90_N/EV.hdf5: the ECF HDF5 plugin is unavailable. Run inside the neckflix container, or build the plugin with build_scripts/build_plugin.sh and set HDF5_PLUGIN_PATH.
FAILED [P005_S01_R2_0_N]:
EcfPluginError: Cannot decode /group/pgh004/carrow/data/NECKFLIX/data/P005_S01_R2_0_N/EV.hdf5: the ECF HDF5 plugin is unavailable. Run inside the neckflix container, or build the plugin with build_scripts/build_plugin.sh and set HDF5_PLUGIN_PATH.
FAILED [P005_S01_R4_45_N]:
EcfPluginError: Cannot decode /group/pgh004/carrow/data/NECKFLIX/data/P005_S01_R4_45_N/EV.hdf5: the ECF HDF5 plugin is unavailable. Run inside the neckflix container, or build the plugin with build_scripts/build_plugin.sh and set HDF5_PLUGIN_PATH.
FAILED [P005_S01_R1_0_D]:
EcfPluginError: Cannot decode /group/pgh004/carrow/data/NECKFLIX/data/P005_S01_R1_0_D/EV.hdf5: the ECF HDF5 plugin is unavailable. Run inside the neckflix container, or build the plugin with build_scripts/build_plugin.sh and set HDF5_PLUGIN_PATH.
FAILED [P005_S01_R3_45_D]:
EcfPluginError: Cannot decode /group/pgh004/carrow/data/NECKFLIX/data/P005_S01_R3_45_D/EV.hdf5: the ECF HDF5 plugin is unavailable. Run inside the neckflix container, or build the plugin with build_scripts/build_plugin.sh and set HDF5_PLUGIN_PATH.
FAILED [P007_S01_R4_45_N]:
EcfPluginError: Cannot decode /group/pgh004/carrow/data/NECKFLIX/data/P007_S01_R4_45_N/EV.hdf5: the ECF HDF5 plugin is unavailable. Run inside the neckflix container, or build the plugin with build_scripts/build_plugin.sh and set HDF5_PLUGIN_PATH.
FAILED [P007_S01_R2_0_N]:
EcfPluginError: Cannot decode /group/pgh004/carrow/data/NECKFLIX/data/P007_S01_R2_0_N/EV.hdf5: the ECF HDF5 plugin is unavailable. Run inside the neckflix container, or build the plugin with build_scripts/build_plugin.sh and set HDF5_PLUGIN_PATH.
FAILED [P007_S01_R1_0_D]:
EcfPluginError: Cannot decode /group/pgh004/carrow/data/NECKFLIX/data/P007_S01_R1_0_D/EV.hdf5: the ECF HDF5 plugin is unavailable. Run inside the neckflix container, or build the plugin with build_scripts/build_plugin.sh and set HDF5_PLUGIN_PATH.
FAILED [P007_S01_R3_45_D]:
EcfPluginError: Cannot decode /group/pgh004/carrow/data/NECKFLIX/data/P007_S01_R3_45_D/EV.hdf5: the ECF HDF5 plugin is unavailable. Run inside the neckflix container, or build the plugin with build_scripts/build_plugin.sh and set HDF5_PLUGIN_PATH.
FAILED [P008_S01_R2_0_N]:
EcfPluginError: Cannot decode /group/pgh004/carrow/data/NECKFLIX/data/P008_S01_R2_0_N/EV.hdf5: the ECF HDF5 plugin is unavailable. Run inside the neckflix container, or build the plugin with build_scripts/build_plugin.sh and set HDF5_PLUGIN_PATH.
FAILED [P008_S01_R6_90_N]:
EcfPluginError: Cannot decode /group/pgh004/carrow/data/NECKFLIX/data/P008_S01_R6_90_N/EV.hdf5: the ECF HDF5 plugin is unavailable. Run inside the neckflix container, or build the plugin with build_scripts/build_plugin.sh and set HDF5_PLUGIN_PATH.
FAILED [P008_S01_R1_0_D]:
EcfPluginError: Cannot decode /group/pgh004/carrow/data/NECKFLIX/data/P008_S01_R1_0_D/EV.hdf5: the ECF HDF5 plugin is unavailable. Run inside the neckflix container, or build the plugin with build_scripts/build_plugin.sh and set HDF5_PLUGIN_PATH.
FAILED [P008_S01_R4_45_N]:
EcfPluginError: Cannot decode /group/pgh004/carrow/data/NECKFLIX/data/P008_S01_R4_45_N/EV.hdf5: the ECF HDF5 plugin is unavailable. Run inside the neckflix container, or build the plugin with build_scripts/build_plugin.sh and set HDF5_PLUGIN_PATH.
FAILED [P008_S01_R3_45_D]:
EcfPluginError: Cannot decode /group/pgh004/carrow/data/NECKFLIX/data/P008_S01_R3_45_D/EV.hdf5: the ECF HDF5 plugin is unavailable. Run inside the neckflix container, or build the plugin with build_scripts/build_plugin.sh and set HDF5_PLUGIN_PATH.
FAILED [P009_S01_R2_0_N]:
EcfPluginError: Cannot decode /group/pgh004/carrow/data/NECKFLIX/data/P009_S01_R2_0_N/EV.hdf5: the ECF HDF5 plugin is unavailable. Run inside the neckflix container, or build the plugin with build_scripts/build_plugin.sh and set HDF5_PLUGIN_PATH.
FAILED [P008_S01_R5_90_D]:
EcfPluginError: Cannot decode /group/pgh004/carrow/data/NECKFLIX/data/P008_S01_R5_90_D/EV.hdf5: the ECF HDF5 plugin is unavailable. Run inside the neckflix container, or build the plugin with build_scripts/build_plugin.sh and set HDF5_PLUGIN_PATH.
FAILED [P009_S01_R1_0_D]:
EcfPluginError: Cannot decode /group/pgh004/carrow/data/NECKFLIX/data/P009_S01_R1_0_D/EV.hdf5: the ECF HDF5 plugin is unavailable. Run inside the neckflix container, or build the plugin with build_scripts/build_plugin.sh and set HDF5_PLUGIN_PATH.
FAILED [P009_S01_R4_45_N]:
EcfPluginError: Cannot decode /group/pgh004/carrow/data/NECKFLIX/data/P009_S01_R4_45_N/EV.hdf5: the ECF HDF5 plugin is unavailable. Run inside the neckflix container, or build the plugin with build_scripts/build_plugin.sh and set HDF5_PLUGIN_PATH.
FAILED [P009_S01_R6_90_N]:
EcfPluginError: Cannot decode /group/pgh004/carrow/data/NECKFLIX/data/P009_S01_R6_90_N/EV.hdf5: the ECF HDF5 plugin is unavailable. Run inside the neckflix container, or build the plugin with build_scripts/build_plugin.sh and set HDF5_PLUGIN_PATH.
FAILED [P009_S01_R3_45_D]:
EcfPluginError: Cannot decode /group/pgh004/carrow/data/NECKFLIX/data/P009_S01_R3_45_D/EV.hdf5: the ECF HDF5 plugin is unavailable. Run inside the neckflix container, or build the plugin with build_scripts/build_plugin.sh and set HDF5_PLUGIN_PATH.
FAILED [P009_S01_R5_90_D]:
EcfPluginError: Cannot decode /group/pgh004/carrow/data/NECKFLIX/data/P009_S01_R5_90_D/EV.hdf5: the ECF HDF5 plugin is unavailable. Run inside the neckflix container, or build the plugin with build_scripts/build_plugin.sh and set HDF5_PLUGIN_PATH.
FAILED [P009_S02_R2_0_N]:
EcfPluginError: Cannot decode /group/pgh004/carrow/data/NECKFLIX/data/P009_S02_R2_0_N/EV.hdf5: the ECF HDF5 plugin is unavailable. Run inside the neckflix container, or build the plugin with build_scripts/build_plugin.sh and set HDF5_PLUGIN_PATH.
FAILED [P009_S02_R4_45_N]:
EcfPluginError: Cannot decode /group/pgh004/carrow/data/NECKFLIX/data/P009_S02_R4_45_N/EV.hdf5: the ECF HDF5 plugin is unavailable. Run inside the neckflix container, or build the plugin with build_scripts/build_plugin.sh and set HDF5_PLUGIN_PATH.
FAILED [P009_S02_R1_0_D]:
EcfPluginError: Cannot decode /group/pgh004/carrow/data/NECKFLIX/data/P009_S02_R1_0_D/EV.hdf5: the ECF HDF5 plugin is unavailable. Run inside the neckflix container, or build the plugin with build_scripts/build_plugin.sh and set HDF5_PLUGIN_PATH.
FAILED [P009_S02_R6_90_N]:
EcfPluginError: Cannot decode /group/pgh004/carrow/data/NECKFLIX/data/P009_S02_R6_90_N/EV.hdf5: the ECF HDF5 plugin is unavailable. Run inside the neckflix container, or build the plugin with build_scripts/build_plugin.sh and set HDF5_PLUGIN_PATH.
FAILED [P009_S02_R3_45_D]:
EcfPluginError: Cannot decode /group/pgh004/carrow/data/NECKFLIX/data/P009_S02_R3_45_D/EV.hdf5: the ECF HDF5 plugin is unavailable. Run inside the neckflix container, or build the plugin with build_scripts/build_plugin.sh and set HDF5_PLUGIN_PATH.
FAILED [P010_S01_R1_0_D]:
EcfPluginError: Cannot decode /group/pgh004/carrow/data/NECKFLIX/data/P010_S01_R1_0_D/EV.hdf5: the ECF HDF5 plugin is unavailable. Run inside the neckflix container, or build the plugin with build_scripts/build_plugin.sh and set HDF5_PLUGIN_PATH.
FAILED [P009_S02_R5_90_D]:
EcfPluginError: Cannot decode /group/pgh004/carrow/data/NECKFLIX/data/P009_S02_R5_90_D/EV.hdf5: the ECF HDF5 plugin is unavailable. Run inside the neckflix container, or build the plugin with build_scripts/build_plugin.sh and set HDF5_PLUGIN_PATH.
FAILED [P010_S01_R2_0_N]:
EcfPluginError: Cannot decode /group/pgh004/carrow/data/NECKFLIX/data/P010_S01_R2_0_N/EV.hdf5: the ECF HDF5 plugin is unavailable. Run inside the neckflix container, or build the plugin with build_scripts/build_plugin.sh and set HDF5_PLUGIN_PATH.
FAILED [P010_S01_R6_90_N]:
EcfPluginError: Cannot decode /group/pgh004/carrow/data/NECKFLIX/data/P010_S01_R6_90_N/EV.hdf5: the ECF HDF5 plugin is unavailable. Run inside the neckflix container, or build the plugin with build_scripts/build_plugin.sh and set HDF5_PLUGIN_PATH.
FAILED [P010_S01_R4_45_N]:
EcfPluginError: Cannot decode /group/pgh004/carrow/data/NECKFLIX/data/P010_S01_R4_45_N/EV.hdf5: the ECF HDF5 plugin is unavailable. Run inside the neckflix container, or build the plugin with build_scripts/build_plugin.sh and set HDF5_PLUGIN_PATH.
FAILED [P011_S01_R4_45_N]:
EcfPluginError: Cannot decode /group/pgh004/carrow/data/NECKFLIX/data/P011_S01_R4_45_N/EV.hdf5: the ECF HDF5 plugin is unavailable. Run inside the neckflix container, or build the plugin with build_scripts/build_plugin.sh and set HDF5_PLUGIN_PATH.
FAILED [P011_S01_R2_0_N]:
EcfPluginError: Cannot decode /group/pgh004/carrow/data/NECKFLIX/data/P011_S01_R2_0_N/EV.hdf5: the ECF HDF5 plugin is unavailable. Run inside the neckflix container, or build the plugin with build_scripts/build_plugin.sh and set HDF5_PLUGIN_PATH.
FAILED [P010_S01_R3_45_D]:
EcfPluginError: Cannot decode /group/pgh004/carrow/data/NECKFLIX/data/P010_S01_R3_45_D/EV.hdf5: the ECF HDF5 plugin is unavailable. Run inside the neckflix container, or build the plugin with build_scripts/build_plugin.sh and set HDF5_PLUGIN_PATH.
FAILED [P010_S01_R5_90_D]:
EcfPluginError: Cannot decode /group/pgh004/carrow/data/NECKFLIX/data/P010_S01_R5_90_D/EV.hdf5: the ECF HDF5 plugin is unavailable. Run inside the neckflix container, or build the plugin with build_scripts/build_plugin.sh and set HDF5_PLUGIN_PATH.
FAILED [P011_S01_R1_0_D]:
EcfPluginError: Cannot decode /group/pgh004/carrow/data/NECKFLIX/data/P011_S01_R1_0_D/EV.hdf5: the ECF HDF5 plugin is unavailable. Run inside the neckflix container, or build the plugin with build_scripts/build_plugin.sh and set HDF5_PLUGIN_PATH.
FAILED [P011_S01_R6_90_N]:
EcfPluginError: Cannot decode /group/pgh004/carrow/data/NECKFLIX/data/P011_S01_R6_90_N/EV.hdf5: the ECF HDF5 plugin is unavailable. Run inside the neckflix container, or build the plugin with build_scripts/build_plugin.sh and set HDF5_PLUGIN_PATH.
FAILED [P011_S01_R3_45_D]:
EcfPluginError: Cannot decode /group/pgh004/carrow/data/NECKFLIX/data/P011_S01_R3_45_D/EV.hdf5: the ECF HDF5 plugin is unavailable. Run inside the neckflix container, or build the plugin with build_scripts/build_plugin.sh and set HDF5_PLUGIN_PATH.
FAILED [P011_S01_R5_90_D]:
EcfPluginError: Cannot decode /group/pgh004/carrow/data/NECKFLIX/data/P011_S01_R5_90_D/EV.hdf5: the ECF HDF5 plugin is unavailable. Run inside the neckflix container, or build the plugin with build_scripts/build_plugin.sh and set HDF5_PLUGIN_PATH.
FAILED [P012_S01_R2_0_N]:
EcfPluginError: Cannot decode /group/pgh004/carrow/data/NECKFLIX/data/P012_S01_R2_0_N/EV.hdf5: the ECF HDF5 plugin is unavailable. Run inside the neckflix container, or build the plugin with build_scripts/build_plugin.sh and set HDF5_PLUGIN_PATH.
FAILED [P012_S01_R4_45_N]:
EcfPluginError: Cannot decode /group/pgh004/carrow/data/NECKFLIX/data/P012_S01_R4_45_N/EV.hdf5: the ECF HDF5 plugin is unavailable. Run inside the neckflix container, or build the plugin with build_scripts/build_plugin.sh and set HDF5_PLUGIN_PATH.
FAILED [P012_S01_R1_0_D]:
EcfPluginError: Cannot decode /group/pgh004/carrow/data/NECKFLIX/data/P012_S01_R1_0_D/EV.hdf5: the ECF HDF5 plugin is unavailable. Run inside the neckflix container, or build the plugin with build_scripts/build_plugin.sh and set HDF5_PLUGIN_PATH.
FAILED [P012_S01_R6_90_N]:
EcfPluginError: Cannot decode /group/pgh004/carrow/data/NECKFLIX/data/P012_S01_R6_90_N/EV.hdf5: the ECF HDF5 plugin is unavailable. Run inside the neckflix container, or build the plugin with build_scripts/build_plugin.sh and set HDF5_PLUGIN_PATH.
FAILED [P012_S01_R3_45_D]:
EcfPluginError: Cannot decode /group/pgh004/carrow/data/NECKFLIX/data/P012_S01_R3_45_D/EV.hdf5: the ECF HDF5 plugin is unavailable. Run inside the neckflix container, or build the plugin with build_scripts/build_plugin.sh and set HDF5_PLUGIN_PATH.
FAILED [P012_S01_R5_90_D]:
EcfPluginError: Cannot decode /group/pgh004/carrow/data/NECKFLIX/data/P012_S01_R5_90_D/EV.hdf5: the ECF HDF5 plugin is unavailable. Run inside the neckflix container, or build the plugin with build_scripts/build_plugin.sh and set HDF5_PLUGIN_PATH.
FAILED [P013_S01_R2_0_N]:
EcfPluginError: Cannot decode /group/pgh004/carrow/data/NECKFLIX/data/P013_S01_R2_0_N/EV.hdf5: the ECF HDF5 plugin is unavailable. Run inside the neckflix container, or build the plugin with build_scripts/build_plugin.sh and set HDF5_PLUGIN_PATH.
FAILED [P013_S01_R4_45_N]:
EcfPluginError: Cannot decode /group/pgh004/carrow/data/NECKFLIX/data/P013_S01_R4_45_N/EV.hdf5: the ECF HDF5 plugin is unavailable. Run inside the neckflix container, or build the plugin with build_scripts/build_plugin.sh and set HDF5_PLUGIN_PATH.
FAILED [P013_S01_R1_0_D]:
EcfPluginError: Cannot decode /group/pgh004/carrow/data/NECKFLIX/data/P013_S01_R1_0_D/EV.hdf5: the ECF HDF5 plugin is unavailable. Run inside the neckflix container, or build the plugin with build_scripts/build_plugin.sh and set HDF5_PLUGIN_PATH.
FAILED [P013_S01_R6_90_N]:
EcfPluginError: Cannot decode /group/pgh004/carrow/data/NECKFLIX/data/P013_S01_R6_90_N/EV.hdf5: the ECF HDF5 plugin is unavailable. Run inside the neckflix container, or build the plugin with build_scripts/build_plugin.sh and set HDF5_PLUGIN_PATH.
FAILED [P013_S01_R5_90_D]:
EcfPluginError: Cannot decode /group/pgh004/carrow/data/NECKFLIX/data/P013_S01_R5_90_D/EV.hdf5: the ECF HDF5 plugin is unavailable. Run inside the neckflix container, or build the plugin with build_scripts/build_plugin.sh and set HDF5_PLUGIN_PATH.
FAILED [P013_S01_R3_45_D]:
EcfPluginError: Cannot decode /group/pgh004/carrow/data/NECKFLIX/data/P013_S01_R3_45_D/EV.hdf5: the ECF HDF5 plugin is unavailable. Run inside the neckflix container, or build the plugin with build_scripts/build_plugin.sh and set HDF5_PLUGIN_PATH.
FAILED [P014_S01_R2_0_N]:
EcfPluginError: Cannot decode /group/pgh004/carrow/data/NECKFLIX/data/P014_S01_R2_0_N/EV.hdf5: the ECF HDF5 plugin is unavailable. Run inside the neckflix container, or build the plugin with build_scripts/build_plugin.sh and set HDF5_PLUGIN_PATH.
FAILED [P014_S01_R1_0_D]:
EcfPluginError: Cannot decode /group/pgh004/carrow/data/NECKFLIX/data/P014_S01_R1_0_D/EV.hdf5: the ECF HDF5 plugin is unavailable. Run inside the neckflix container, or build the plugin with build_scripts/build_plugin.sh and set HDF5_PLUGIN_PATH.
FAILED [P014_S01_R6_90_N]:
EcfPluginError: Cannot decode /group/pgh004/carrow/data/NECKFLIX/data/P014_S01_R6_90_N/EV.hdf5: the ECF HDF5 plugin is unavailable. Run inside the neckflix container, or build the plugin with build_scripts/build_plugin.sh and set HDF5_PLUGIN_PATH.
FAILED [P014_S01_R3_45_D]:
EcfPluginError: Cannot decode /group/pgh004/carrow/data/NECKFLIX/data/P014_S01_R3_45_D/EV.hdf5: the ECF HDF5 plugin is unavailable. Run inside the neckflix container, or build the plugin with build_scripts/build_plugin.sh and set HDF5_PLUGIN_PATH.
FAILED [P014_S01_R4_45_N]:
EcfPluginError: Cannot decode /group/pgh004/carrow/data/NECKFLIX/data/P014_S01_R4_45_N/EV.hdf5: the ECF HDF5 plugin is unavailable. Run inside the neckflix container, or build the plugin with build_scripts/build_plugin.sh and set HDF5_PLUGIN_PATH.
FAILED [P014_S01_R5_90_D]:
EcfPluginError: Cannot decode /group/pgh004/carrow/data/NECKFLIX/data/P014_S01_R5_90_D/EV.hdf5: the ECF HDF5 plugin is unavailable. Run inside the neckflix container, or build the plugin with build_scripts/build_plugin.sh and set HDF5_PLUGIN_PATH.
FAILED [P014_S02_R2_0_N]:
EcfPluginError: Cannot decode /group/pgh004/carrow/data/NECKFLIX/data/P014_S02_R2_0_N/EV.hdf5: the ECF HDF5 plugin is unavailable. Run inside the neckflix container, or build the plugin with build_scripts/build_plugin.sh and set HDF5_PLUGIN_PATH.
FAILED [P014_S02_R1_0_D]:
EcfPluginError: Cannot decode /group/pgh004/carrow/data/NECKFLIX/data/P014_S02_R1_0_D/EV.hdf5: the ECF HDF5 plugin is unavailable. Run inside the neckflix container, or build the plugin with build_scripts/build_plugin.sh and set HDF5_PLUGIN_PATH.
FAILED [P014_S02_R4_45_N]:
EcfPluginError: Cannot decode /group/pgh004/carrow/data/NECKFLIX/data/P014_S02_R4_45_N/EV.hdf5: the ECF HDF5 plugin is unavailable. Run inside the neckflix container, or build the plugin with build_scripts/build_plugin.sh and set HDF5_PLUGIN_PATH.
FAILED [P014_S02_R3_45_D]:
EcfPluginError: Cannot decode /group/pgh004/carrow/data/NECKFLIX/data/P014_S02_R3_45_D/EV.hdf5: the ECF HDF5 plugin is unavailable. Run inside the neckflix container, or build the plugin with build_scripts/build_plugin.sh and set HDF5_PLUGIN_PATH.
FAILED [P014_S02_R6_90_N]:
EcfPluginError: Cannot decode /group/pgh004/carrow/data/NECKFLIX/data/P014_S02_R6_90_N/EV.hdf5: the ECF HDF5 plugin is unavailable. Run inside the neckflix container, or build the plugin with build_scripts/build_plugin.sh and set HDF5_PLUGIN_PATH.
FAILED [P014_S03_R2_0_N]:
EcfPluginError: Cannot decode /group/pgh004/carrow/data/NECKFLIX/data/P014_S03_R2_0_N/EV.hdf5: the ECF HDF5 plugin is unavailable. Run inside the neckflix container, or build the plugin with build_scripts/build_plugin.sh and set HDF5_PLUGIN_PATH.
FAILED [P014_S03_R4_45_N]:
EcfPluginError: Cannot decode /group/pgh004/carrow/data/NECKFLIX/data/P014_S03_R4_45_N/EV.hdf5: the ECF HDF5 plugin is unavailable. Run inside the neckflix container, or build the plugin with build_scripts/build_plugin.sh and set HDF5_PLUGIN_PATH.
FAILED [P014_S02_R5_90_D]:
EcfPluginError: Cannot decode /group/pgh004/carrow/data/NECKFLIX/data/P014_S02_R5_90_D/EV.hdf5: the ECF HDF5 plugin is unavailable. Run inside the neckflix container, or build the plugin with build_scripts/build_plugin.sh and set HDF5_PLUGIN_PATH.
FAILED [P014_S03_R1_0_D]:
EcfPluginError: Cannot decode /group/pgh004/carrow/data/NECKFLIX/data/P014_S03_R1_0_D/EV.hdf5: the ECF HDF5 plugin is unavailable. Run inside the neckflix container, or build the plugin with build_scripts/build_plugin.sh and set HDF5_PLUGIN_PATH.
FAILED [P014_S03_R3_45_D]:
EcfPluginError: Cannot decode /group/pgh004/carrow/data/NECKFLIX/data/P014_S03_R3_45_D/EV.hdf5: the ECF HDF5 plugin is unavailable. Run inside the neckflix container, or build the plugin with build_scripts/build_plugin.sh and set HDF5_PLUGIN_PATH.
FAILED [P014_S03_R6_90_N]:
EcfPluginError: Cannot decode /group/pgh004/carrow/data/NECKFLIX/data/P014_S03_R6_90_N/EV.hdf5: the ECF HDF5 plugin is unavailable. Run inside the neckflix container, or build the plugin with build_scripts/build_plugin.sh and set HDF5_PLUGIN_PATH.
FAILED [P014_S03_R5_90_D]:
EcfPluginError: Cannot decode /group/pgh004/carrow/data/NECKFLIX/data/P014_S03_R5_90_D/EV.hdf5: the ECF HDF5 plugin is unavailable. Run inside the neckflix container, or build the plugin with build_scripts/build_plugin.sh and set HDF5_PLUGIN_PATH.
FAILED [P015_S01_R2_0_N]:
EcfPluginError: Cannot decode /group/pgh004/carrow/data/NECKFLIX/data/P015_S01_R2_0_N/EV.hdf5: the ECF HDF5 plugin is unavailable. Run inside the neckflix container, or build the plugin with build_scripts/build_plugin.sh and set HDF5_PLUGIN_PATH.
FAILED [P015_S01_R6_0_N]:
EcfPluginError: Cannot decode /group/pgh004/carrow/data/NECKFLIX/data/P015_S01_R6_0_N/EV.hdf5: the ECF HDF5 plugin is unavailable. Run inside the neckflix container, or build the plugin with build_scripts/build_plugin.sh and set HDF5_PLUGIN_PATH.
FAILED [P015_S01_R4_0_N]:
EcfPluginError: Cannot decode /group/pgh004/carrow/data/NECKFLIX/data/P015_S01_R4_0_N/EV.hdf5: the ECF HDF5 plugin is unavailable. Run inside the neckflix container, or build the plugin with build_scripts/build_plugin.sh and set HDF5_PLUGIN_PATH.
FAILED [P015_S01_R1_0_D]:
EcfPluginError: Cannot decode /group/pgh004/carrow/data/NECKFLIX/data/P015_S01_R1_0_D/EV.hdf5: the ECF HDF5 plugin is unavailable. Run inside the neckflix container, or build the plugin with build_scripts/build_plugin.sh and set HDF5_PLUGIN_PATH.
FAILED [P015_S01_R7_0_D]:
EcfPluginError: Cannot decode /group/pgh004/carrow/data/NECKFLIX/data/P015_S01_R7_0_D/EV.hdf5: the ECF HDF5 plugin is unavailable. Run inside the neckflix container, or build the plugin with build_scripts/build_plugin.sh and set HDF5_PLUGIN_PATH.
FAILED [P015_S01_R3_0_D]:
EcfPluginError: Cannot decode /group/pgh004/carrow/data/NECKFLIX/data/P015_S01_R3_0_D/EV.hdf5: the ECF HDF5 plugin is unavailable. Run inside the neckflix container, or build the plugin with build_scripts/build_plugin.sh and set HDF5_PLUGIN_PATH.
FAILED [P015_S01_R5_0_D]:
EcfPluginError: Cannot decode /group/pgh004/carrow/data/NECKFLIX/data/P015_S01_R5_0_D/EV.hdf5: the ECF HDF5 plugin is unavailable. Run inside the neckflix container, or build the plugin with build_scripts/build_plugin.sh and set HDF5_PLUGIN_PATH.
FAILED [P015_S01_R8_0_N]:
EcfPluginError: Cannot decode /group/pgh004/carrow/data/NECKFLIX/data/P015_S01_R8_0_N/EV.hdf5: the ECF HDF5 plugin is unavailable. Run inside the neckflix container, or build the plugin with build_scripts/build_plugin.sh and set HDF5_PLUGIN_PATH.
FAILED [P015_S02_R2_45_N]:
EcfPluginError: Cannot decode /group/pgh004/carrow/data/NECKFLIX/data/P015_S02_R2_45_N/EV.hdf5: the ECF HDF5 plugin is unavailable. Run inside the neckflix container, or build the plugin with build_scripts/build_plugin.sh and set HDF5_PLUGIN_PATH.
FAILED [P017_S01_R2_0_N]:
EcfPluginError: Cannot decode /group/pgh004/carrow/data/NECKFLIX/data/P017_S01_R2_0_N/EV.hdf5: the ECF HDF5 plugin is unavailable. Run inside the neckflix container, or build the plugin with build_scripts/build_plugin.sh and set HDF5_PLUGIN_PATH.
FAILED [P015_S02_R1_45_D]:
EcfPluginError: Cannot decode /group/pgh004/carrow/data/NECKFLIX/data/P015_S02_R1_45_D/EV.hdf5: the ECF HDF5 plugin is unavailable. Run inside the neckflix container, or build the plugin with build_scripts/build_plugin.sh and set HDF5_PLUGIN_PATH.
FAILED [P017_S01_R4_45_N]:
EcfPluginError: Cannot decode /group/pgh004/carrow/data/NECKFLIX/data/P017_S01_R4_45_N/EV.hdf5: the ECF HDF5 plugin is unavailable. Run inside the neckflix container, or build the plugin with build_scripts/build_plugin.sh and set HDF5_PLUGIN_PATH.
FAILED [P017_S01_R1_0_D]:
EcfPluginError: Cannot decode /group/pgh004/carrow/data/NECKFLIX/data/P017_S01_R1_0_D/EV.hdf5: the ECF HDF5 plugin is unavailable. Run inside the neckflix container, or build the plugin with build_scripts/build_plugin.sh and set HDF5_PLUGIN_PATH.
FAILED [P017_S01_R3_45_D]:
EcfPluginError: Cannot decode /group/pgh004/carrow/data/NECKFLIX/data/P017_S01_R3_45_D/EV.hdf5: the ECF HDF5 plugin is unavailable. Run inside the neckflix container, or build the plugin with build_scripts/build_plugin.sh and set HDF5_PLUGIN_PATH.
FAILED [P017_S01_R5_90_D]:
EcfPluginError: Cannot decode /group/pgh004/carrow/data/NECKFLIX/data/P017_S01_R5_90_D/EV.hdf5: the ECF HDF5 plugin is unavailable. Run inside the neckflix container, or build the plugin with build_scripts/build_plugin.sh and set HDF5_PLUGIN_PATH.
FAILED [P017_S01_R6_90_N]:
EcfPluginError: Cannot decode /group/pgh004/carrow/data/NECKFLIX/data/P017_S01_R6_90_N/EV.hdf5: the ECF HDF5 plugin is unavailable. Run inside the neckflix container, or build the plugin with build_scripts/build_plugin.sh and set HDF5_PLUGIN_PATH.
FAILED [P017_S02_R2_0_N]:
EcfPluginError: Cannot decode /group/pgh004/carrow/data/NECKFLIX/data/P017_S02_R2_0_N/EV.hdf5: the ECF HDF5 plugin is unavailable. Run inside the neckflix container, or build the plugin with build_scripts/build_plugin.sh and set HDF5_PLUGIN_PATH.
FAILED [P017_S02_R1_0_D]:
EcfPluginError: Cannot decode /group/pgh004/carrow/data/NECKFLIX/data/P017_S02_R1_0_D/EV.hdf5: the ECF HDF5 plugin is unavailable. Run inside the neckflix container, or build the plugin with build_scripts/build_plugin.sh and set HDF5_PLUGIN_PATH.
FAILED [P017_S02_R4_45_N]:
EcfPluginError: Cannot decode /group/pgh004/carrow/data/NECKFLIX/data/P017_S02_R4_45_N/EV.hdf5: the ECF HDF5 plugin is unavailable. Run inside the neckflix container, or build the plugin with build_scripts/build_plugin.sh and set HDF5_PLUGIN_PATH.
FAILED [P017_S02_R6_90_N]:
EcfPluginError: Cannot decode /group/pgh004/carrow/data/NECKFLIX/data/P017_S02_R6_90_N/EV.hdf5: the ECF HDF5 plugin is unavailable. Run inside the neckflix container, or build the plugin with build_scripts/build_plugin.sh and set HDF5_PLUGIN_PATH.
FAILED [P017_S02_R5_90_D]:
EcfPluginError: Cannot decode /group/pgh004/carrow/data/NECKFLIX/data/P017_S02_R5_90_D/EV.hdf5: the ECF HDF5 plugin is unavailable. Run inside the neckflix container, or build the plugin with build_scripts/build_plugin.sh and set HDF5_PLUGIN_PATH.
FAILED [P017_S02_R3_45_D]:
EcfPluginError: Cannot decode /group/pgh004/carrow/data/NECKFLIX/data/P017_S02_R3_45_D/EV.hdf5: the ECF HDF5 plugin is unavailable. Run inside the neckflix container, or build the plugin with build_scripts/build_plugin.sh and set HDF5_PLUGIN_PATH.
FAILED [P022_S01_R2_0_N]:
EcfPluginError: Cannot decode /group/pgh004/carrow/data/NECKFLIX/data/P022_S01_R2_0_N/EV.hdf5: the ECF HDF5 plugin is unavailable. Run inside the neckflix container, or build the plugin with build_scripts/build_plugin.sh and set HDF5_PLUGIN_PATH.
FAILED [P022_S01_R1_0_D]:
EcfPluginError: Cannot decode /group/pgh004/carrow/data/NECKFLIX/data/P022_S01_R1_0_D/EV.hdf5: the ECF HDF5 plugin is unavailable. Run inside the neckflix container, or build the plugin with build_scripts/build_plugin.sh and set HDF5_PLUGIN_PATH.
FAILED [P022_S01_R4_45_N]:
EcfPluginError: Cannot decode /group/pgh004/carrow/data/NECKFLIX/data/P022_S01_R4_45_N/EV.hdf5: the ECF HDF5 plugin is unavailable. Run inside the neckflix container, or build the plugin with build_scripts/build_plugin.sh and set HDF5_PLUGIN_PATH.
FAILED [P022_S01_R6_90_N]:
EcfPluginError: Cannot decode /group/pgh004/carrow/data/NECKFLIX/data/P022_S01_R6_90_N/EV.hdf5: the ECF HDF5 plugin is unavailable. Run inside the neckflix container, or build the plugin with build_scripts/build_plugin.sh and set HDF5_PLUGIN_PATH.
FAILED [P022_S01_R3_45_D]:
EcfPluginError: Cannot decode /group/pgh004/carrow/data/NECKFLIX/data/P022_S01_R3_45_D/EV.hdf5: the ECF HDF5 plugin is unavailable. Run inside the neckflix container, or build the plugin with build_scripts/build_plugin.sh and set HDF5_PLUGIN_PATH.
FAILED [P023_S01_R2_0_N]:
EcfPluginError: Cannot decode /group/pgh004/carrow/data/NECKFLIX/data/P023_S01_R2_0_N/EV.hdf5: the ECF HDF5 plugin is unavailable. Run inside the neckflix container, or build the plugin with build_scripts/build_plugin.sh and set HDF5_PLUGIN_PATH.
FAILED [P022_S01_R5_90_D]:
EcfPluginError: Cannot decode /group/pgh004/carrow/data/NECKFLIX/data/P022_S01_R5_90_D/EV.hdf5: the ECF HDF5 plugin is unavailable. Run inside the neckflix container, or build the plugin with build_scripts/build_plugin.sh and set HDF5_PLUGIN_PATH.
FAILED [P023_S01_R1_0_D]:
EcfPluginError: Cannot decode /group/pgh004/carrow/data/NECKFLIX/data/P023_S01_R1_0_D/EV.hdf5: the ECF HDF5 plugin is unavailable. Run inside the neckflix container, or build the plugin with build_scripts/build_plugin.sh and set HDF5_PLUGIN_PATH.
FAILED [P023_S01_R4_0_N]:
EcfPluginError: Cannot decode /group/pgh004/carrow/data/NECKFLIX/data/P023_S01_R4_0_N/EV.hdf5: the ECF HDF5 plugin is unavailable. Run inside the neckflix container, or build the plugin with build_scripts/build_plugin.sh and set HDF5_PLUGIN_PATH.
FAILED [P023_S01_R3_0_D]:
EcfPluginError: Cannot decode /group/pgh004/carrow/data/NECKFLIX/data/P023_S01_R3_0_D/EV.hdf5: the ECF HDF5 plugin is unavailable. Run inside the neckflix container, or build the plugin with build_scripts/build_plugin.sh and set HDF5_PLUGIN_PATH.
FAILED [P023_S01_R6_45_N]:
EcfPluginError: Cannot decode /group/pgh004/carrow/data/NECKFLIX/data/P023_S01_R6_45_N/EV.hdf5: the ECF HDF5 plugin is unavailable. Run inside the neckflix container, or build the plugin with build_scripts/build_plugin.sh and set HDF5_PLUGIN_PATH.
FAILED [P023_S01_R7_90_D]:
EcfPluginError: Cannot decode /group/pgh004/carrow/data/NECKFLIX/data/P023_S01_R7_90_D/EV.hdf5: the ECF HDF5 plugin is unavailable. Run inside the neckflix container, or build the plugin with build_scripts/build_plugin.sh and set HDF5_PLUGIN_PATH.
FAILED [P023_S01_R5_45_D]:
EcfPluginError: Cannot decode /group/pgh004/carrow/data/NECKFLIX/data/P023_S01_R5_45_D/EV.hdf5: the ECF HDF5 plugin is unavailable. Run inside the neckflix container, or build the plugin with build_scripts/build_plugin.sh and set HDF5_PLUGIN_PATH.
FAILED [P024_S01_R2_0_N]:
EcfPluginError: Cannot decode /group/pgh004/carrow/data/NECKFLIX/data/P024_S01_R2_0_N/EV.hdf5: the ECF HDF5 plugin is unavailable. Run inside the neckflix container, or build the plugin with build_scripts/build_plugin.sh and set HDF5_PLUGIN_PATH.
FAILED [P025_S01_R2_0_N]:
EcfPluginError: Cannot decode /group/pgh004/carrow/data/NECKFLIX/data/P025_S01_R2_0_N/EV.hdf5: the ECF HDF5 plugin is unavailable. Run inside the neckflix container, or build the plugin with build_scripts/build_plugin.sh and set HDF5_PLUGIN_PATH.
FAILED [P024_S01_R1_0_D]:
EcfPluginError: Cannot decode /group/pgh004/carrow/data/NECKFLIX/data/P024_S01_R1_0_D/EV.hdf5: the ECF HDF5 plugin is unavailable. Run inside the neckflix container, or build the plugin with build_scripts/build_plugin.sh and set HDF5_PLUGIN_PATH.
FAILED [P024_S01_R6_90_N]:
EcfPluginError: Cannot decode /group/pgh004/carrow/data/NECKFLIX/data/P024_S01_R6_90_N/EV.hdf5: the ECF HDF5 plugin is unavailable. Run inside the neckflix container, or build the plugin with build_scripts/build_plugin.sh and set HDF5_PLUGIN_PATH.
FAILED [P024_S01_R3_45_D]:
EcfPluginError: Cannot decode /group/pgh004/carrow/data/NECKFLIX/data/P024_S01_R3_45_D/EV.hdf5: the ECF HDF5 plugin is unavailable. Run inside the neckflix container, or build the plugin with build_scripts/build_plugin.sh and set HDF5_PLUGIN_PATH.
FAILED [P024_S01_R4_45_D]:
EcfPluginError: Cannot decode /group/pgh004/carrow/data/NECKFLIX/data/P024_S01_R4_45_D/EV.hdf5: the ECF HDF5 plugin is unavailable. Run inside the neckflix container, or build the plugin with build_scripts/build_plugin.sh and set HDF5_PLUGIN_PATH.
FAILED [P024_S01_R5_90_D]:
EcfPluginError: Cannot decode /group/pgh004/carrow/data/NECKFLIX/data/P024_S01_R5_90_D/EV.hdf5: the ECF HDF5 plugin is unavailable. Run inside the neckflix container, or build the plugin with build_scripts/build_plugin.sh and set HDF5_PLUGIN_PATH.
FAILED [P025_S01_R1_0_D]:
EcfPluginError: Cannot decode /group/pgh004/carrow/data/NECKFLIX/data/P025_S01_R1_0_D/EV.hdf5: the ECF HDF5 plugin is unavailable. Run inside the neckflix container, or build the plugin with build_scripts/build_plugin.sh and set HDF5_PLUGIN_PATH.
FAILED [P025_S01_R4_45_N]:
EcfPluginError: Cannot decode /group/pgh004/carrow/data/NECKFLIX/data/P025_S01_R4_45_N/EV.hdf5: the ECF HDF5 plugin is unavailable. Run inside the neckflix container, or build the plugin with build_scripts/build_plugin.sh and set HDF5_PLUGIN_PATH.
FAILED [P025_S01_R6_90_N]:
EcfPluginError: Cannot decode /group/pgh004/carrow/data/NECKFLIX/data/P025_S01_R6_90_N/EV.hdf5: the ECF HDF5 plugin is unavailable. Run inside the neckflix container, or build the plugin with build_scripts/build_plugin.sh and set HDF5_PLUGIN_PATH.
FAILED [P025_S01_R5_90_D]:
EcfPluginError: Cannot decode /group/pgh004/carrow/data/NECKFLIX/data/P025_S01_R5_90_D/EV.hdf5: the ECF HDF5 plugin is unavailable. Run inside the neckflix container, or build the plugin with build_scripts/build_plugin.sh and set HDF5_PLUGIN_PATH.
FAILED [P025_S01_R3_45_D]:
EcfPluginError: Cannot decode /group/pgh004/carrow/data/NECKFLIX/data/P025_S01_R3_45_D/EV.hdf5: the ECF HDF5 plugin is unavailable. Run inside the neckflix container, or build the plugin with build_scripts/build_plugin.sh and set HDF5_PLUGIN_PATH.
FAILED [P026_S01_R2_0_N]:
EcfPluginError: Cannot decode /group/pgh004/carrow/data/NECKFLIX/data/P026_S01_R2_0_N/EV.hdf5: the ECF HDF5 plugin is unavailable. Run inside the neckflix container, or build the plugin with build_scripts/build_plugin.sh and set HDF5_PLUGIN_PATH.
FAILED [P026_S01_R3_45_D]:
EcfPluginError: Cannot decode /group/pgh004/carrow/data/NECKFLIX/data/P026_S01_R3_45_D/EV.hdf5: the ECF HDF5 plugin is unavailable. Run inside the neckflix container, or build the plugin with build_scripts/build_plugin.sh and set HDF5_PLUGIN_PATH.
FAILED [P026_S01_R1_0_D]:
EcfPluginError: Cannot decode /group/pgh004/carrow/data/NECKFLIX/data/P026_S01_R1_0_D/EV.hdf5: the ECF HDF5 plugin is unavailable. Run inside the neckflix container, or build the plugin with build_scripts/build_plugin.sh and set HDF5_PLUGIN_PATH.
FAILED [P026_S01_R4_45_N]:
EcfPluginError: Cannot decode /group/pgh004/carrow/data/NECKFLIX/data/P026_S01_R4_45_N/EV.hdf5: the ECF HDF5 plugin is unavailable. Run inside the neckflix container, or build the plugin with build_scripts/build_plugin.sh and set HDF5_PLUGIN_PATH.
FAILED [P026_S01_R6_90_N]:
EcfPluginError: Cannot decode /group/pgh004/carrow/data/NECKFLIX/data/P026_S01_R6_90_N/EV.hdf5: the ECF HDF5 plugin is unavailable. Run inside the neckflix container, or build the plugin with build_scripts/build_plugin.sh and set HDF5_PLUGIN_PATH.
FAILED [P027_S01_R2_0_N]:
EcfPluginError: Cannot decode /group/pgh004/carrow/data/NECKFLIX/data/P027_S01_R2_0_N/EV.hdf5: the ECF HDF5 plugin is unavailable. Run inside the neckflix container, or build the plugin with build_scripts/build_plugin.sh and set HDF5_PLUGIN_PATH.
FAILED [P026_S01_R5_90_D]:
EcfPluginError: Cannot decode /group/pgh004/carrow/data/NECKFLIX/data/P026_S01_R5_90_D/EV.hdf5: the ECF HDF5 plugin is unavailable. Run inside the neckflix container, or build the plugin with build_scripts/build_plugin.sh and set HDF5_PLUGIN_PATH.
FAILED [P027_S01_R6_90_N]:
EcfPluginError: Cannot decode /group/pgh004/carrow/data/NECKFLIX/data/P027_S01_R6_90_N/EV.hdf5: the ECF HDF5 plugin is unavailable. Run inside the neckflix container, or build the plugin with build_scripts/build_plugin.sh and set HDF5_PLUGIN_PATH.
FAILED [P027_S01_R4_45_N]:
EcfPluginError: Cannot decode /group/pgh004/carrow/data/NECKFLIX/data/P027_S01_R4_45_N/EV.hdf5: the ECF HDF5 plugin is unavailable. Run inside the neckflix container, or build the plugin with build_scripts/build_plugin.sh and set HDF5_PLUGIN_PATH.
FAILED [P027_S01_R1_0_D]:
EcfPluginError: Cannot decode /group/pgh004/carrow/data/NECKFLIX/data/P027_S01_R1_0_D/EV.hdf5: the ECF HDF5 plugin is unavailable. Run inside the neckflix container, or build the plugin with build_scripts/build_plugin.sh and set HDF5_PLUGIN_PATH.
FAILED [P027_S01_R3_45_D]:
EcfPluginError: Cannot decode /group/pgh004/carrow/data/NECKFLIX/data/P027_S01_R3_45_D/EV.hdf5: the ECF HDF5 plugin is unavailable. Run inside the neckflix container, or build the plugin with build_scripts/build_plugin.sh and set HDF5_PLUGIN_PATH.
FAILED [P027_S01_R5_90_D]:
EcfPluginError: Cannot decode /group/pgh004/carrow/data/NECKFLIX/data/P027_S01_R5_90_D/EV.hdf5: the ECF HDF5 plugin is unavailable. Run inside the neckflix container, or build the plugin with build_scripts/build_plugin.sh and set HDF5_PLUGIN_PATH.
FAILED [P028_S01_R3_45_N]:
EcfPluginError: Cannot decode /group/pgh004/carrow/data/NECKFLIX/data/P028_S01_R3_45_N/EV.hdf5: the ECF HDF5 plugin is unavailable. Run inside the neckflix container, or build the plugin with build_scripts/build_plugin.sh and set HDF5_PLUGIN_PATH.
FAILED [P028_S01_R1_45_D]:
EcfPluginError: Cannot decode /group/pgh004/carrow/data/NECKFLIX/data/P028_S01_R1_45_D/EV.hdf5: the ECF HDF5 plugin is unavailable. Run inside the neckflix container, or build the plugin with build_scripts/build_plugin.sh and set HDF5_PLUGIN_PATH.
FAILED [P028_S01_R5_90_N]:
EcfPluginError: Cannot decode /group/pgh004/carrow/data/NECKFLIX/data/P028_S01_R5_90_N/EV.hdf5: the ECF HDF5 plugin is unavailable. Run inside the neckflix container, or build the plugin with build_scripts/build_plugin.sh and set HDF5_PLUGIN_PATH.
FAILED [P028_S01_R4_90_D]:
EcfPluginError: Cannot decode /group/pgh004/carrow/data/NECKFLIX/data/P028_S01_R4_90_D/EV.hdf5: the ECF HDF5 plugin is unavailable. Run inside the neckflix container, or build the plugin with build_scripts/build_plugin.sh and set HDF5_PLUGIN_PATH.
FAILED [P029_S01_R2_45_N]:
EcfPluginError: Cannot decode /group/pgh004/carrow/data/NECKFLIX/data/P029_S01_R2_45_N/EV.hdf5: the ECF HDF5 plugin is unavailable. Run inside the neckflix container, or build the plugin with build_scripts/build_plugin.sh and set HDF5_PLUGIN_PATH.
FAILED [P028_S01_R2_45_D]:
EcfPluginError: Cannot decode /group/pgh004/carrow/data/NECKFLIX/data/P028_S01_R2_45_D/EV.hdf5: the ECF HDF5 plugin is unavailable. Run inside the neckflix container, or build the plugin with build_scripts/build_plugin.sh and set HDF5_PLUGIN_PATH.
FAILED [P029_S01_R4_90_N]:
EcfPluginError: Cannot decode /group/pgh004/carrow/data/NECKFLIX/data/P029_S01_R4_90_N/EV.hdf5: the ECF HDF5 plugin is unavailable. Run inside the neckflix container, or build the plugin with build_scripts/build_plugin.sh and set HDF5_PLUGIN_PATH.
FAILED [P029_S01_R3_90_D]:
EcfPluginError: Cannot decode /group/pgh004/carrow/data/NECKFLIX/data/P029_S01_R3_90_D/EV.hdf5: the ECF HDF5 plugin is unavailable. Run inside the neckflix container, or build the plugin with build_scripts/build_plugin.sh and set HDF5_PLUGIN_PATH.
FAILED [P029_S01_R1_45_D]:
EcfPluginError: Cannot decode /group/pgh004/carrow/data/NECKFLIX/data/P029_S01_R1_45_D/EV.hdf5: the ECF HDF5 plugin is unavailable. Run inside the neckflix container, or build the plugin with build_scripts/build_plugin.sh and set HDF5_PLUGIN_PATH.
FAILED [P030_S01_R2_0_N]:
EcfPluginError: Cannot decode /group/pgh004/carrow/data/NECKFLIX/data/P030_S01_R2_0_N/EV.hdf5: the ECF HDF5 plugin is unavailable. Run inside the neckflix container, or build the plugin with build_scripts/build_plugin.sh and set HDF5_PLUGIN_PATH.
FAILED [P030_S01_R4_45_N]:
EcfPluginError: Cannot decode /group/pgh004/carrow/data/NECKFLIX/data/P030_S01_R4_45_N/EV.hdf5: the ECF HDF5 plugin is unavailable. Run inside the neckflix container, or build the plugin with build_scripts/build_plugin.sh and set HDF5_PLUGIN_PATH.
FAILED [P030_S01_R1_0_D]:
EcfPluginError: Cannot decode /group/pgh004/carrow/data/NECKFLIX/data/P030_S01_R1_0_D/EV.hdf5: the ECF HDF5 plugin is unavailable. Run inside the neckflix container, or build the plugin with build_scripts/build_plugin.sh and set HDF5_PLUGIN_PATH.
FAILED [P030_S01_R6_90_N]:
EcfPluginError: Cannot decode /group/pgh004/carrow/data/NECKFLIX/data/P030_S01_R6_90_N/EV.hdf5: the ECF HDF5 plugin is unavailable. Run inside the neckflix container, or build the plugin with build_scripts/build_plugin.sh and set HDF5_PLUGIN_PATH.
FAILED [P030_S01_R3_45_D]:
EcfPluginError: Cannot decode /group/pgh004/carrow/data/NECKFLIX/data/P030_S01_R3_45_D/EV.hdf5: the ECF HDF5 plugin is unavailable. Run inside the neckflix container, or build the plugin with build_scripts/build_plugin.sh and set HDF5_PLUGIN_PATH.
FAILED [P030_S01_R5_90_D]:
EcfPluginError: Cannot decode /group/pgh004/carrow/data/NECKFLIX/data/P030_S01_R5_90_D/EV.hdf5: the ECF HDF5 plugin is unavailable. Run inside the neckflix container, or build the plugin with build_scripts/build_plugin.sh and set HDF5_PLUGIN_PATH.
FAILED [P031_S01_R2_0_N]:
EcfPluginError: Cannot decode /group/pgh004/carrow/data/NECKFLIX/data/P031_S01_R2_0_N/EV.hdf5: the ECF HDF5 plugin is unavailable. Run inside the neckflix container, or build the plugin with build_scripts/build_plugin.sh and set HDF5_PLUGIN_PATH.
FAILED [P031_S01_R4_45_N]:
EcfPluginError: Cannot decode /group/pgh004/carrow/data/NECKFLIX/data/P031_S01_R4_45_N/EV.hdf5: the ECF HDF5 plugin is unavailable. Run inside the neckflix container, or build the plugin with build_scripts/build_plugin.sh and set HDF5_PLUGIN_PATH.
FAILED [P031_S01_R1_0_D]:
EcfPluginError: Cannot decode /group/pgh004/carrow/data/NECKFLIX/data/P031_S01_R1_0_D/EV.hdf5: the ECF HDF5 plugin is unavailable. Run inside the neckflix container, or build the plugin with build_scripts/build_plugin.sh and set HDF5_PLUGIN_PATH.
FAILED [P031_S01_R3_45_D]:
EcfPluginError: Cannot decode /group/pgh004/carrow/data/NECKFLIX/data/P031_S01_R3_45_D/EV.hdf5: the ECF HDF5 plugin is unavailable. Run inside the neckflix container, or build the plugin with build_scripts/build_plugin.sh and set HDF5_PLUGIN_PATH.
FAILED [P032_S01_R1_0_D]:
EcfPluginError: Cannot decode /group/pgh004/carrow/data/NECKFLIX/data/P032_S01_R1_0_D/EV.hdf5: the ECF HDF5 plugin is unavailable. Run inside the neckflix container, or build the plugin with build_scripts/build_plugin.sh and set HDF5_PLUGIN_PATH.
FAILED [P031_S01_R6_90_N]:
EcfPluginError: Cannot decode /group/pgh004/carrow/data/NECKFLIX/data/P031_S01_R6_90_N/EV.hdf5: the ECF HDF5 plugin is unavailable. Run inside the neckflix container, or build the plugin with build_scripts/build_plugin.sh and set HDF5_PLUGIN_PATH.
FAILED [P031_S01_R5_90_D]:
EcfPluginError: Cannot decode /group/pgh004/carrow/data/NECKFLIX/data/P031_S01_R5_90_D/EV.hdf5: the ECF HDF5 plugin is unavailable. Run inside the neckflix container, or build the plugin with build_scripts/build_plugin.sh and set HDF5_PLUGIN_PATH.
FAILED [P032_S01_R3_0_N]:
EcfPluginError: Cannot decode /group/pgh004/carrow/data/NECKFLIX/data/P032_S01_R3_0_N/EV.hdf5: the ECF HDF5 plugin is unavailable. Run inside the neckflix container, or build the plugin with build_scripts/build_plugin.sh and set HDF5_PLUGIN_PATH.
FAILED [P032_S01_R8_90_D]:
EcfPluginError: Cannot decode /group/pgh004/carrow/data/NECKFLIX/data/P032_S01_R8_90_D/EV.hdf5: the ECF HDF5 plugin is unavailable. Run inside the neckflix container, or build the plugin with build_scripts/build_plugin.sh and set HDF5_PLUGIN_PATH.
FAILED [P032_S01_R5_45_N]:
EcfPluginError: Cannot decode /group/pgh004/carrow/data/NECKFLIX/data/P032_S01_R5_45_N/EV.hdf5: the ECF HDF5 plugin is unavailable. Run inside the neckflix container, or build the plugin with build_scripts/build_plugin.sh and set HDF5_PLUGIN_PATH.
FAILED [P032_S01_R2_0_D]:
EcfPluginError: Cannot decode /group/pgh004/carrow/data/NECKFLIX/data/P032_S01_R2_0_D/EV.hdf5: the ECF HDF5 plugin is unavailable. Run inside the neckflix container, or build the plugin with build_scripts/build_plugin.sh and set HDF5_PLUGIN_PATH.
FAILED [P032_S01_R4_45_D]:
EcfPluginError: Cannot decode /group/pgh004/carrow/data/NECKFLIX/data/P032_S01_R4_45_D/EV.hdf5: the ECF HDF5 plugin is unavailable. Run inside the neckflix container, or build the plugin with build_scripts/build_plugin.sh and set HDF5_PLUGIN_PATH.
FAILED [P032_S01_R7_90_D]:
EcfPluginError: Cannot decode /group/pgh004/carrow/data/NECKFLIX/data/P032_S01_R7_90_D/EV.hdf5: the ECF HDF5 plugin is unavailable. Run inside the neckflix container, or build the plugin with build_scripts/build_plugin.sh and set HDF5_PLUGIN_PATH.
FAILED [P033_S01_R8_90_N]:
EcfPluginError: Cannot decode /group/pgh004/carrow/data/NECKFLIX/data/P033_S01_R8_90_N/EV.hdf5: the ECF HDF5 plugin is unavailable. Run inside the neckflix container, or build the plugin with build_scripts/build_plugin.sh and set HDF5_PLUGIN_PATH.
FAILED [P033_S01_R6_90_N]:
EcfPluginError: Cannot decode /group/pgh004/carrow/data/NECKFLIX/data/P033_S01_R6_90_N/EV.hdf5: the ECF HDF5 plugin is unavailable. Run inside the neckflix container, or build the plugin with build_scripts/build_plugin.sh and set HDF5_PLUGIN_PATH.
FAILED [P033_S01_R2_0_N]:
EcfPluginError: Cannot decode /group/pgh004/carrow/data/NECKFLIX/data/P033_S01_R2_0_N/EV.hdf5: the ECF HDF5 plugin is unavailable. Run inside the neckflix container, or build the plugin with build_scripts/build_plugin.sh and set HDF5_PLUGIN_PATH.
FAILED [P033_S01_R1_0_D]:
EcfPluginError: Cannot decode /group/pgh004/carrow/data/NECKFLIX/data/P033_S01_R1_0_D/EV.hdf5: the ECF HDF5 plugin is unavailable. Run inside the neckflix container, or build the plugin with build_scripts/build_plugin.sh and set HDF5_PLUGIN_PATH.
FAILED [P033_S01_R4_45_N]:
EcfPluginError: Cannot decode /group/pgh004/carrow/data/NECKFLIX/data/P033_S01_R4_45_N/EV.hdf5: the ECF HDF5 plugin is unavailable. Run inside the neckflix container, or build the plugin with build_scripts/build_plugin.sh and set HDF5_PLUGIN_PATH.
FAILED [P033_S01_R5_90_D]:
EcfPluginError: Cannot decode /group/pgh004/carrow/data/NECKFLIX/data/P033_S01_R5_90_D/EV.hdf5: the ECF HDF5 plugin is unavailable. Run inside the neckflix container, or build the plugin with build_scripts/build_plugin.sh and set HDF5_PLUGIN_PATH.
FAILED [P033_S01_R3_45_D]:
EcfPluginError: Cannot decode /group/pgh004/carrow/data/NECKFLIX/data/P033_S01_R3_45_D/EV.hdf5: the ECF HDF5 plugin is unavailable. Run inside the neckflix container, or build the plugin with build_scripts/build_plugin.sh and set HDF5_PLUGIN_PATH.
FAILED [P033_S01_R7_90_D]:
EcfPluginError: Cannot decode /group/pgh004/carrow/data/NECKFLIX/data/P033_S01_R7_90_D/EV.hdf5: the ECF HDF5 plugin is unavailable. Run inside the neckflix container, or build the plugin with build_scripts/build_plugin.sh and set HDF5_PLUGIN_PATH.
FAILED [P034_S01_R2_0_N]:
EcfPluginError: Cannot decode /group/pgh004/carrow/data/NECKFLIX/data/P034_S01_R2_0_N/EV.hdf5: the ECF HDF5 plugin is unavailable. Run inside the neckflix container, or build the plugin with build_scripts/build_plugin.sh and set HDF5_PLUGIN_PATH.
FAILED [P034_S01_R6_90_N]:
EcfPluginError: Cannot decode /group/pgh004/carrow/data/NECKFLIX/data/P034_S01_R6_90_N/EV.hdf5: the ECF HDF5 plugin is unavailable. Run inside the neckflix container, or build the plugin with build_scripts/build_plugin.sh and set HDF5_PLUGIN_PATH.
FAILED [P034_S01_R4_45_N]:
EcfPluginError: Cannot decode /group/pgh004/carrow/data/NECKFLIX/data/P034_S01_R4_45_N/EV.hdf5: the ECF HDF5 plugin is unavailable. Run inside the neckflix container, or build the plugin with build_scripts/build_plugin.sh and set HDF5_PLUGIN_PATH.
FAILED [P034_S01_R1_0_D]:
EcfPluginError: Cannot decode /group/pgh004/carrow/data/NECKFLIX/data/P034_S01_R1_0_D/EV.hdf5: the ECF HDF5 plugin is unavailable. Run inside the neckflix container, or build the plugin with build_scripts/build_plugin.sh and set HDF5_PLUGIN_PATH.
FAILED [P034_S01_R5_90_D]:
EcfPluginError: Cannot decode /group/pgh004/carrow/data/NECKFLIX/data/P034_S01_R5_90_D/EV.hdf5: the ECF HDF5 plugin is unavailable. Run inside the neckflix container, or build the plugin with build_scripts/build_plugin.sh and set HDF5_PLUGIN_PATH.
FAILED [P035_S01_R2_0_N]:
EcfPluginError: Cannot decode /group/pgh004/carrow/data/NECKFLIX/data/P035_S01_R2_0_N/EV.hdf5: the ECF HDF5 plugin is unavailable. Run inside the neckflix container, or build the plugin with build_scripts/build_plugin.sh and set HDF5_PLUGIN_PATH.
FAILED [P034_S01_R3_45_D]:
EcfPluginError: Cannot decode /group/pgh004/carrow/data/NECKFLIX/data/P034_S01_R3_45_D/EV.hdf5: the ECF HDF5 plugin is unavailable. Run inside the neckflix container, or build the plugin with build_scripts/build_plugin.sh and set HDF5_PLUGIN_PATH.
FAILED [P035_S01_R1_0_D]:
EcfPluginError: Cannot decode /group/pgh004/carrow/data/NECKFLIX/data/P035_S01_R1_0_D/EV.hdf5: the ECF HDF5 plugin is unavailable. Run inside the neckflix container, or build the plugin with build_scripts/build_plugin.sh and set HDF5_PLUGIN_PATH.
FAILED [P035_S01_R4_45_N]:
EcfPluginError: Cannot decode /group/pgh004/carrow/data/NECKFLIX/data/P035_S01_R4_45_N/EV.hdf5: the ECF HDF5 plugin is unavailable. Run inside the neckflix container, or build the plugin with build_scripts/build_plugin.sh and set HDF5_PLUGIN_PATH.
FAILED [P035_S01_R6_90_N]:
EcfPluginError: Cannot decode /group/pgh004/carrow/data/NECKFLIX/data/P035_S01_R6_90_N/EV.hdf5: the ECF HDF5 plugin is unavailable. Run inside the neckflix container, or build the plugin with build_scripts/build_plugin.sh and set HDF5_PLUGIN_PATH.
FAILED [P035_S01_R5_90_D]:
EcfPluginError: Cannot decode /group/pgh004/carrow/data/NECKFLIX/data/P035_S01_R5_90_D/EV.hdf5: the ECF HDF5 plugin is unavailable. Run inside the neckflix container, or build the plugin with build_scripts/build_plugin.sh and set HDF5_PLUGIN_PATH.
FAILED [P035_S01_R3_45_D]:
EcfPluginError: Cannot decode /group/pgh004/carrow/data/NECKFLIX/data/P035_S01_R3_45_D/EV.hdf5: the ECF HDF5 plugin is unavailable. Run inside the neckflix container, or build the plugin with build_scripts/build_plugin.sh and set HDF5_PLUGIN_PATH.
FAILED [P036_S01_R2_0_N]:
EcfPluginError: Cannot decode /group/pgh004/carrow/data/NECKFLIX/data/P036_S01_R2_0_N/EV.hdf5: the ECF HDF5 plugin is unavailable. Run inside the neckflix container, or build the plugin with build_scripts/build_plugin.sh and set HDF5_PLUGIN_PATH.
FAILED [P037_S01_R1_45_D]:
EcfPluginError: Cannot decode /group/pgh004/carrow/data/NECKFLIX/data/P037_S01_R1_45_D/EV.hdf5: the ECF HDF5 plugin is unavailable. Run inside the neckflix container, or build the plugin with build_scripts/build_plugin.sh and set HDF5_PLUGIN_PATH.
FAILED [P036_S01_R4_45_N]:
EcfPluginError: Cannot decode /group/pgh004/carrow/data/NECKFLIX/data/P036_S01_R4_45_N/EV.hdf5: the ECF HDF5 plugin is unavailable. Run inside the neckflix container, or build the plugin with build_scripts/build_plugin.sh and set HDF5_PLUGIN_PATH.
FAILED [P036_S01_R3_45_D]:
EcfPluginError: Cannot decode /group/pgh004/carrow/data/NECKFLIX/data/P036_S01_R3_45_D/EV.hdf5: the ECF HDF5 plugin is unavailable. Run inside the neckflix container, or build the plugin with build_scripts/build_plugin.sh and set HDF5_PLUGIN_PATH.
FAILED [P036_S01_R6_90_N]:
EcfPluginError: Cannot decode /group/pgh004/carrow/data/NECKFLIX/data/P036_S01_R6_90_N/EV.hdf5: the ECF HDF5 plugin is unavailable. Run inside the neckflix container, or build the plugin with build_scripts/build_plugin.sh and set HDF5_PLUGIN_PATH.
FAILED [P036_S01_R1_0_D]:
EcfPluginError: Cannot decode /group/pgh004/carrow/data/NECKFLIX/data/P036_S01_R1_0_D/EV.hdf5: the ECF HDF5 plugin is unavailable. Run inside the neckflix container, or build the plugin with build_scripts/build_plugin.sh and set HDF5_PLUGIN_PATH.
FAILED [P036_S01_R5_90_D]:
EcfPluginError: Cannot decode /group/pgh004/carrow/data/NECKFLIX/data/P036_S01_R5_90_D/EV.hdf5: the ECF HDF5 plugin is unavailable. Run inside the neckflix container, or build the plugin with build_scripts/build_plugin.sh and set HDF5_PLUGIN_PATH.
FAILED [P038_S01_R1_0_D]:
EcfPluginError: Cannot decode /group/pgh004/carrow/data/NECKFLIX/data/P038_S01_R1_0_D/EV.hdf5: the ECF HDF5 plugin is unavailable. Run inside the neckflix container, or build the plugin with build_scripts/build_plugin.sh and set HDF5_PLUGIN_PATH.
FAILED [P037_S01_R3_45_N]:
EcfPluginError: Cannot decode /group/pgh004/carrow/data/NECKFLIX/data/P037_S01_R3_45_N/EV.hdf5: the ECF HDF5 plugin is unavailable. Run inside the neckflix container, or build the plugin with build_scripts/build_plugin.sh and set HDF5_PLUGIN_PATH.
FAILED [P037_S01_R5_90_N]:
EcfPluginError: Cannot decode /group/pgh004/carrow/data/NECKFLIX/data/P037_S01_R5_90_N/EV.hdf5: the ECF HDF5 plugin is unavailable. Run inside the neckflix container, or build the plugin with build_scripts/build_plugin.sh and set HDF5_PLUGIN_PATH.
FAILED [P037_S01_R2_45_D]:
EcfPluginError: Cannot decode /group/pgh004/carrow/data/NECKFLIX/data/P037_S01_R2_45_D/EV.hdf5: the ECF HDF5 plugin is unavailable. Run inside the neckflix container, or build the plugin with build_scripts/build_plugin.sh and set HDF5_PLUGIN_PATH.
FAILED [P038_S01_R3_0_N]:
EcfPluginError: Cannot decode /group/pgh004/carrow/data/NECKFLIX/data/P038_S01_R3_0_N/EV.hdf5: the ECF HDF5 plugin is unavailable. Run inside the neckflix container, or build the plugin with build_scripts/build_plugin.sh and set HDF5_PLUGIN_PATH.
FAILED [P037_S01_R4_90_D]:
EcfPluginError: Cannot decode /group/pgh004/carrow/data/NECKFLIX/data/P037_S01_R4_90_D/EV.hdf5: the ECF HDF5 plugin is unavailable. Run inside the neckflix container, or build the plugin with build_scripts/build_plugin.sh and set HDF5_PLUGIN_PATH.
FAILED [P038_S01_R2_0_D]:
EcfPluginError: Cannot decode /group/pgh004/carrow/data/NECKFLIX/data/P038_S01_R2_0_D/EV.hdf5: the ECF HDF5 plugin is unavailable. Run inside the neckflix container, or build the plugin with build_scripts/build_plugin.sh and set HDF5_PLUGIN_PATH.
FAILED [P038_S01_R7_90_N]:
EcfPluginError: Cannot decode /group/pgh004/carrow/data/NECKFLIX/data/P038_S01_R7_90_N/EV.hdf5: the ECF HDF5 plugin is unavailable. Run inside the neckflix container, or build the plugin with build_scripts/build_plugin.sh and set HDF5_PLUGIN_PATH.
FAILED [P038_S01_R5_45_N]:
EcfPluginError: Cannot decode /group/pgh004/carrow/data/NECKFLIX/data/P038_S01_R5_45_N/EV.hdf5: the ECF HDF5 plugin is unavailable. Run inside the neckflix container, or build the plugin with build_scripts/build_plugin.sh and set HDF5_PLUGIN_PATH.
FAILED [P038_S01_R4_45_D]:
EcfPluginError: Cannot decode /group/pgh004/carrow/data/NECKFLIX/data/P038_S01_R4_45_D/EV.hdf5: the ECF HDF5 plugin is unavailable. Run inside the neckflix container, or build the plugin with build_scripts/build_plugin.sh and set HDF5_PLUGIN_PATH.
FAILED [P038_S01_R6_90_D]:
EcfPluginError: Cannot decode /group/pgh004/carrow/data/NECKFLIX/data/P038_S01_R6_90_D/EV.hdf5: the ECF HDF5 plugin is unavailable. Run inside the neckflix container, or build the plugin with build_scripts/build_plugin.sh and set HDF5_PLUGIN_PATH.
FAILED [P039_S01_R2_0_N]:
EcfPluginError: Cannot decode /group/pgh004/carrow/data/NECKFLIX/data/P039_S01_R2_0_N/EV.hdf5: the ECF HDF5 plugin is unavailable. Run inside the neckflix container, or build the plugin with build_scripts/build_plugin.sh and set HDF5_PLUGIN_PATH.
FAILED [P039_S01_R4_45_N]:
EcfPluginError: Cannot decode /group/pgh004/carrow/data/NECKFLIX/data/P039_S01_R4_45_N/EV.hdf5: the ECF HDF5 plugin is unavailable. Run inside the neckflix container, or build the plugin with build_scripts/build_plugin.sh and set HDF5_PLUGIN_PATH.
FAILED [P039_S01_R1_0_D]:
EcfPluginError: Cannot decode /group/pgh004/carrow/data/NECKFLIX/data/P039_S01_R1_0_D/EV.hdf5: the ECF HDF5 plugin is unavailable. Run inside the neckflix container, or build the plugin with build_scripts/build_plugin.sh and set HDF5_PLUGIN_PATH.
FAILED [P039_S01_R3_45_D]:
EcfPluginError: Cannot decode /group/pgh004/carrow/data/NECKFLIX/data/P039_S01_R3_45_D/EV.hdf5: the ECF HDF5 plugin is unavailable. Run inside the neckflix container, or build the plugin with build_scripts/build_plugin.sh and set HDF5_PLUGIN_PATH.
FAILED [P040_S01_R2_0_N]:
EcfPluginError: Cannot decode /group/pgh004/carrow/data/NECKFLIX/data/P040_S01_R2_0_N/EV.hdf5: the ECF HDF5 plugin is unavailable. Run inside the neckflix container, or build the plugin with build_scripts/build_plugin.sh and set HDF5_PLUGIN_PATH.
FAILED [P040_S01_R4_45_N]:
EcfPluginError: Cannot decode /group/pgh004/carrow/data/NECKFLIX/data/P040_S01_R4_45_N/EV.hdf5: the ECF HDF5 plugin is unavailable. Run inside the neckflix container, or build the plugin with build_scripts/build_plugin.sh and set HDF5_PLUGIN_PATH.
FAILED [P040_S01_R1_0_D]:
EcfPluginError: Cannot decode /group/pgh004/carrow/data/NECKFLIX/data/P040_S01_R1_0_D/EV.hdf5: the ECF HDF5 plugin is unavailable. Run inside the neckflix container, or build the plugin with build_scripts/build_plugin.sh and set HDF5_PLUGIN_PATH.
FAILED [P040_S01_R6_90_N]:
EcfPluginError: Cannot decode /group/pgh004/carrow/data/NECKFLIX/data/P040_S01_R6_90_N/EV.hdf5: the ECF HDF5 plugin is unavailable. Run inside the neckflix container, or build the plugin with build_scripts/build_plugin.sh and set HDF5_PLUGIN_PATH.
FAILED [P040_S01_R3_45_D]:
EcfPluginError: Cannot decode /group/pgh004/carrow/data/NECKFLIX/data/P040_S01_R3_45_D/EV.hdf5: the ECF HDF5 plugin is unavailable. Run inside the neckflix container, or build the plugin with build_scripts/build_plugin.sh and set HDF5_PLUGIN_PATH.
FAILED [P041_S01_R4_45_N]:
EcfPluginError: Cannot decode /group/pgh004/carrow/data/NECKFLIX/data/P041_S01_R4_45_N/EV.hdf5: the ECF HDF5 plugin is unavailable. Run inside the neckflix container, or build the plugin with build_scripts/build_plugin.sh and set HDF5_PLUGIN_PATH.
FAILED [P041_S01_R6_45_N]:
EcfPluginError: Cannot decode /group/pgh004/carrow/data/NECKFLIX/data/P041_S01_R6_45_N/EV.hdf5: the ECF HDF5 plugin is unavailable. Run inside the neckflix container, or build the plugin with build_scripts/build_plugin.sh and set HDF5_PLUGIN_PATH.
FAILED [P040_S01_R5_90_D]:
EcfPluginError: Cannot decode /group/pgh004/carrow/data/NECKFLIX/data/P040_S01_R5_90_D/EV.hdf5: the ECF HDF5 plugin is unavailable. Run inside the neckflix container, or build the plugin with build_scripts/build_plugin.sh and set HDF5_PLUGIN_PATH.
FAILED [P041_S01_R2_0_N]:
EcfPluginError: Cannot decode /group/pgh004/carrow/data/NECKFLIX/data/P041_S01_R2_0_N/EV.hdf5: the ECF HDF5 plugin is unavailable. Run inside the neckflix container, or build the plugin with build_scripts/build_plugin.sh and set HDF5_PLUGIN_PATH.
FAILED [P041_S01_R3_45_D]:
EcfPluginError: Cannot decode /group/pgh004/carrow/data/NECKFLIX/data/P041_S01_R3_45_D/EV.hdf5: the ECF HDF5 plugin is unavailable. Run inside the neckflix container, or build the plugin with build_scripts/build_plugin.sh and set HDF5_PLUGIN_PATH.
FAILED [P041_S01_R1_0_D]:
EcfPluginError: Cannot decode /group/pgh004/carrow/data/NECKFLIX/data/P041_S01_R1_0_D/EV.hdf5: the ECF HDF5 plugin is unavailable. Run inside the neckflix container, or build the plugin with build_scripts/build_plugin.sh and set HDF5_PLUGIN_PATH.
FAILED [P041_S01_R8_90_N]:
EcfPluginError: Cannot decode /group/pgh004/carrow/data/NECKFLIX/data/P041_S01_R8_90_N/EV.hdf5: the ECF HDF5 plugin is unavailable. Run inside the neckflix container, or build the plugin with build_scripts/build_plugin.sh and set HDF5_PLUGIN_PATH.
FAILED [P041_S01_R7_90_D]:
EcfPluginError: Cannot decode /group/pgh004/carrow/data/NECKFLIX/data/P041_S01_R7_90_D/EV.hdf5: the ECF HDF5 plugin is unavailable. Run inside the neckflix container, or build the plugin with build_scripts/build_plugin.sh and set HDF5_PLUGIN_PATH.
FAILED [P043_S01_R2_0_N]:
EcfPluginError: Cannot decode /group/pgh004/carrow/data/NECKFLIX/data/P043_S01_R2_0_N/EV.hdf5: the ECF HDF5 plugin is unavailable. Run inside the neckflix container, or build the plugin with build_scripts/build_plugin.sh and set HDF5_PLUGIN_PATH.
FAILED [P041_S01_R5_45_D]:
EcfPluginError: Cannot decode /group/pgh004/carrow/data/NECKFLIX/data/P041_S01_R5_45_D/EV.hdf5: the ECF HDF5 plugin is unavailable. Run inside the neckflix container, or build the plugin with build_scripts/build_plugin.sh and set HDF5_PLUGIN_PATH.
FAILED [P044_S01_R1_0_D]:
EcfPluginError: Cannot decode /group/pgh004/carrow/data/NECKFLIX/data/P044_S01_R1_0_D/EV.hdf5: the ECF HDF5 plugin is unavailable. Run inside the neckflix container, or build the plugin with build_scripts/build_plugin.sh and set HDF5_PLUGIN_PATH.
FAILED [P043_S01_R1_0_D]:
EcfPluginError: Cannot decode /group/pgh004/carrow/data/NECKFLIX/data/P043_S01_R1_0_D/EV.hdf5: the ECF HDF5 plugin is unavailable. Run inside the neckflix container, or build the plugin with build_scripts/build_plugin.sh and set HDF5_PLUGIN_PATH.
FAILED [P043_S01_R4_45_N]:
EcfPluginError: Cannot decode /group/pgh004/carrow/data/NECKFLIX/data/P043_S01_R4_45_N/EV.hdf5: the ECF HDF5 plugin is unavailable. Run inside the neckflix container, or build the plugin with build_scripts/build_plugin.sh and set HDF5_PLUGIN_PATH.
FAILED [P043_S01_R3_45_D]:
EcfPluginError: Cannot decode /group/pgh004/carrow/data/NECKFLIX/data/P043_S01_R3_45_D/EV.hdf5: the ECF HDF5 plugin is unavailable. Run inside the neckflix container, or build the plugin with build_scripts/build_plugin.sh and set HDF5_PLUGIN_PATH.
FAILED [P043_S01_R6_90_N]:
EcfPluginError: Cannot decode /group/pgh004/carrow/data/NECKFLIX/data/P043_S01_R6_90_N/EV.hdf5: the ECF HDF5 plugin is unavailable. Run inside the neckflix container, or build the plugin with build_scripts/build_plugin.sh and set HDF5_PLUGIN_PATH.
FAILED [P043_S01_R5_90_D]:
EcfPluginError: Cannot decode /group/pgh004/carrow/data/NECKFLIX/data/P043_S01_R5_90_D/EV.hdf5: the ECF HDF5 plugin is unavailable. Run inside the neckflix container, or build the plugin with build_scripts/build_plugin.sh and set HDF5_PLUGIN_PATH.
FAILED [P044_S01_R3_0_N]:
EcfPluginError: Cannot decode /group/pgh004/carrow/data/NECKFLIX/data/P044_S01_R3_0_N/EV.hdf5: the ECF HDF5 plugin is unavailable. Run inside the neckflix container, or build the plugin with build_scripts/build_plugin.sh and set HDF5_PLUGIN_PATH.
FAILED [P044_S01_R7_90_N]:
EcfPluginError: Cannot decode /group/pgh004/carrow/data/NECKFLIX/data/P044_S01_R7_90_N/EV.hdf5: the ECF HDF5 plugin is unavailable. Run inside the neckflix container, or build the plugin with build_scripts/build_plugin.sh and set HDF5_PLUGIN_PATH.
FAILED [P044_S01_R5_45_N]:
EcfPluginError: Cannot decode /group/pgh004/carrow/data/NECKFLIX/data/P044_S01_R5_45_N/EV.hdf5: the ECF HDF5 plugin is unavailable. Run inside the neckflix container, or build the plugin with build_scripts/build_plugin.sh and set HDF5_PLUGIN_PATH.
FAILED [P044_S01_R2_0_D]:
EcfPluginError: Cannot decode /group/pgh004/carrow/data/NECKFLIX/data/P044_S01_R2_0_D/EV.hdf5: the ECF HDF5 plugin is unavailable. Run inside the neckflix container, or build the plugin with build_scripts/build_plugin.sh and set HDF5_PLUGIN_PATH.
FAILED [P044_S01_R4_45_D]:
EcfPluginError: Cannot decode /group/pgh004/carrow/data/NECKFLIX/data/P044_S01_R4_45_D/EV.hdf5: the ECF HDF5 plugin is unavailable. Run inside the neckflix container, or build the plugin with build_scripts/build_plugin.sh and set HDF5_PLUGIN_PATH.
FAILED [P044_S01_R6_90_D]:
EcfPluginError: Cannot decode /group/pgh004/carrow/data/NECKFLIX/data/P044_S01_R6_90_D/EV.hdf5: the ECF HDF5 plugin is unavailable. Run inside the neckflix container, or build the plugin with build_scripts/build_plugin.sh and set HDF5_PLUGIN_PATH.
FAILED [P045_S01_R3_0_N]:
EcfPluginError: Cannot decode /group/pgh004/carrow/data/NECKFLIX/data/P045_S01_R3_0_N/EV.hdf5: the ECF HDF5 plugin is unavailable. Run inside the neckflix container, or build the plugin with build_scripts/build_plugin.sh and set HDF5_PLUGIN_PATH.
FAILED [P045_S01_R1_0_D]:
EcfPluginError: Cannot decode /group/pgh004/carrow/data/NECKFLIX/data/P045_S01_R1_0_D/EV.hdf5: the ECF HDF5 plugin is unavailable. Run inside the neckflix container, or build the plugin with build_scripts/build_plugin.sh and set HDF5_PLUGIN_PATH.
FAILED [P045_S01_R2_0_D]:
EcfPluginError: Cannot decode /group/pgh004/carrow/data/NECKFLIX/data/P045_S01_R2_0_D/EV.hdf5: the ECF HDF5 plugin is unavailable. Run inside the neckflix container, or build the plugin with build_scripts/build_plugin.sh and set HDF5_PLUGIN_PATH.
FAILED [P045_S01_R5_45_N]:
EcfPluginError: Cannot decode /group/pgh004/carrow/data/NECKFLIX/data/P045_S01_R5_45_N/EV.hdf5: the ECF HDF5 plugin is unavailable. Run inside the neckflix container, or build the plugin with build_scripts/build_plugin.sh and set HDF5_PLUGIN_PATH.
FAILED [P045_S01_R7_90_N]:
EcfPluginError: Cannot decode /group/pgh004/carrow/data/NECKFLIX/data/P045_S01_R7_90_N/EV.hdf5: the ECF HDF5 plugin is unavailable. Run inside the neckflix container, or build the plugin with build_scripts/build_plugin.sh and set HDF5_PLUGIN_PATH.
FAILED [P045_S01_R6_90_D]:
EcfPluginError: Cannot decode /group/pgh004/carrow/data/NECKFLIX/data/P045_S01_R6_90_D/EV.hdf5: the ECF HDF5 plugin is unavailable. Run inside the neckflix container, or build the plugin with build_scripts/build_plugin.sh and set HDF5_PLUGIN_PATH.
FAILED [P045_S01_R4_45_D]:
EcfPluginError: Cannot decode /group/pgh004/carrow/data/NECKFLIX/data/P045_S01_R4_45_D/EV.hdf5: the ECF HDF5 plugin is unavailable. Run inside the neckflix container, or build the plugin with build_scripts/build_plugin.sh and set HDF5_PLUGIN_PATH.
FAILED [P046_S01_R2_0_N]:
EcfPluginError: Cannot decode /group/pgh004/carrow/data/NECKFLIX/data/P046_S01_R2_0_N/EV.hdf5: the ECF HDF5 plugin is unavailable. Run inside the neckflix container, or build the plugin with build_scripts/build_plugin.sh and set HDF5_PLUGIN_PATH.
FAILED [P046_S01_R1_0_D]:
EcfPluginError: Cannot decode /group/pgh004/carrow/data/NECKFLIX/data/P046_S01_R1_0_D/EV.hdf5: the ECF HDF5 plugin is unavailable. Run inside the neckflix container, or build the plugin with build_scripts/build_plugin.sh and set HDF5_PLUGIN_PATH.
FAILED [P046_S01_R4_45_N]:
EcfPluginError: Cannot decode /group/pgh004/carrow/data/NECKFLIX/data/P046_S01_R4_45_N/EV.hdf5: the ECF HDF5 plugin is unavailable. Run inside the neckflix container, or build the plugin with build_scripts/build_plugin.sh and set HDF5_PLUGIN_PATH.
FAILED [P046_S01_R6_90_N]:
EcfPluginError: Cannot decode /group/pgh004/carrow/data/NECKFLIX/data/P046_S01_R6_90_N/EV.hdf5: the ECF HDF5 plugin is unavailable. Run inside the neckflix container, or build the plugin with build_scripts/build_plugin.sh and set HDF5_PLUGIN_PATH.
FAILED [P046_S01_R3_45_D]:
EcfPluginError: Cannot decode /group/pgh004/carrow/data/NECKFLIX/data/P046_S01_R3_45_D/EV.hdf5: the ECF HDF5 plugin is unavailable. Run inside the neckflix container, or build the plugin with build_scripts/build_plugin.sh and set HDF5_PLUGIN_PATH.
FAILED [P046_S01_R5_90_D]:
EcfPluginError: Cannot decode /group/pgh004/carrow/data/NECKFLIX/data/P046_S01_R5_90_D/EV.hdf5: the ECF HDF5 plugin is unavailable. Run inside the neckflix container, or build the plugin with build_scripts/build_plugin.sh and set HDF5_PLUGIN_PATH.
FAILED [P047_S01_R2_0_N]:
EcfPluginError: Cannot decode /group/pgh004/carrow/data/NECKFLIX/data/P047_S01_R2_0_N/EV.hdf5: the ECF HDF5 plugin is unavailable. Run inside the neckflix container, or build the plugin with build_scripts/build_plugin.sh and set HDF5_PLUGIN_PATH.
FAILED [P047_S01_R4_45_N]:
EcfPluginError: Cannot decode /group/pgh004/carrow/data/NECKFLIX/data/P047_S01_R4_45_N/EV.hdf5: the ECF HDF5 plugin is unavailable. Run inside the neckflix container, or build the plugin with build_scripts/build_plugin.sh and set HDF5_PLUGIN_PATH.
FAILED [P047_S01_R1_0_D]:
EcfPluginError: Cannot decode /group/pgh004/carrow/data/NECKFLIX/data/P047_S01_R1_0_D/EV.hdf5: the ECF HDF5 plugin is unavailable. Run inside the neckflix container, or build the plugin with build_scripts/build_plugin.sh and set HDF5_PLUGIN_PATH.
FAILED [P047_S01_R6_90_N]:
EcfPluginError: Cannot decode /group/pgh004/carrow/data/NECKFLIX/data/P047_S01_R6_90_N/EV.hdf5: the ECF HDF5 plugin is unavailable. Run inside the neckflix container, or build the plugin with build_scripts/build_plugin.sh and set HDF5_PLUGIN_PATH.
FAILED [P047_S01_R3_45_D]:
EcfPluginError: Cannot decode /group/pgh004/carrow/data/NECKFLIX/data/P047_S01_R3_45_D/EV.hdf5: the ECF HDF5 plugin is unavailable. Run inside the neckflix container, or build the plugin with build_scripts/build_plugin.sh and set HDF5_PLUGIN_PATH.
FAILED [P047_S01_R5_90_D]:
EcfPluginError: Cannot decode /group/pgh004/carrow/data/NECKFLIX/data/P047_S01_R5_90_D/EV.hdf5: the ECF HDF5 plugin is unavailable. Run inside the neckflix container, or build the plugin with build_scripts/build_plugin.sh and set HDF5_PLUGIN_PATH.
FAILED [P049_S01_R2_0_N]:
EcfPluginError: Cannot decode /group/pgh004/carrow/data/NECKFLIX/data/P049_S01_R2_0_N/EV.hdf5: the ECF HDF5 plugin is unavailable. Run inside the neckflix container, or build the plugin with build_scripts/build_plugin.sh and set HDF5_PLUGIN_PATH.
FAILED [P049_S01_R4_45_N]:
EcfPluginError: Cannot decode /group/pgh004/carrow/data/NECKFLIX/data/P049_S01_R4_45_N/EV.hdf5: the ECF HDF5 plugin is unavailable. Run inside the neckflix container, or build the plugin with build_scripts/build_plugin.sh and set HDF5_PLUGIN_PATH.
FAILED [P049_S01_R3_45_D]:
EcfPluginError: Cannot decode /group/pgh004/carrow/data/NECKFLIX/data/P049_S01_R3_45_D/EV.hdf5: the ECF HDF5 plugin is unavailable. Run inside the neckflix container, or build the plugin with build_scripts/build_plugin.sh and set HDF5_PLUGIN_PATH.
FAILED [P049_S01_R6_90_N]:
EcfPluginError: Cannot decode /group/pgh004/carrow/data/NECKFLIX/data/P049_S01_R6_90_N/EV.hdf5: the ECF HDF5 plugin is unavailable. Run inside the neckflix container, or build the plugin with build_scripts/build_plugin.sh and set HDF5_PLUGIN_PATH.
FAILED [P049_S01_R1_0_D]:
EcfPluginError: Cannot decode /group/pgh004/carrow/data/NECKFLIX/data/P049_S01_R1_0_D/EV.hdf5: the ECF HDF5 plugin is unavailable. Run inside the neckflix container, or build the plugin with build_scripts/build_plugin.sh and set HDF5_PLUGIN_PATH.
FAILED [P049_S01_R5_90_D]:
EcfPluginError: Cannot decode /group/pgh004/carrow/data/NECKFLIX/data/P049_S01_R5_90_D/EV.hdf5: the ECF HDF5 plugin is unavailable. Run inside the neckflix container, or build the plugin with build_scripts/build_plugin.sh and set HDF5_PLUGIN_PATH.
FAILED [P050_S01_R2_0_N]:
EcfPluginError: Cannot decode /group/pgh004/carrow/data/NECKFLIX/data/P050_S01_R2_0_N/EV.hdf5: the ECF HDF5 plugin is unavailable. Run inside the neckflix container, or build the plugin with build_scripts/build_plugin.sh and set HDF5_PLUGIN_PATH.
FAILED [P050_S01_R4_45_N]:
EcfPluginError: Cannot decode /group/pgh004/carrow/data/NECKFLIX/data/P050_S01_R4_45_N/EV.hdf5: the ECF HDF5 plugin is unavailable. Run inside the neckflix container, or build the plugin with build_scripts/build_plugin.sh and set HDF5_PLUGIN_PATH.
FAILED [P050_S01_R1_0_D]:
EcfPluginError: Cannot decode /group/pgh004/carrow/data/NECKFLIX/data/P050_S01_R1_0_D/EV.hdf5: the ECF HDF5 plugin is unavailable. Run inside the neckflix container, or build the plugin with build_scripts/build_plugin.sh and set HDF5_PLUGIN_PATH.
FAILED [P050_S01_R3_45_D]:
EcfPluginError: Cannot decode /group/pgh004/carrow/data/NECKFLIX/data/P050_S01_R3_45_D/EV.hdf5: the ECF HDF5 plugin is unavailable. Run inside the neckflix container, or build the plugin with build_scripts/build_plugin.sh and set HDF5_PLUGIN_PATH.
FAILED [P050_S01_R6_90_N]:
EcfPluginError: Cannot decode /group/pgh004/carrow/data/NECKFLIX/data/P050_S01_R6_90_N/EV.hdf5: the ECF HDF5 plugin is unavailable. Run inside the neckflix container, or build the plugin with build_scripts/build_plugin.sh and set HDF5_PLUGIN_PATH.
FAILED [P050_S01_R5_90_D]:
EcfPluginError: Cannot decode /group/pgh004/carrow/data/NECKFLIX/data/P050_S01_R5_90_D/EV.hdf5: the ECF HDF5 plugin is unavailable. Run inside the neckflix container, or build the plugin with build_scripts/build_plugin.sh and set HDF5_PLUGIN_PATH.
FAILED [P051_S01_R2_0_N]:
EcfPluginError: Cannot decode /group/pgh004/carrow/data/NECKFLIX/data/P051_S01_R2_0_N/EV.hdf5: the ECF HDF5 plugin is unavailable. Run inside the neckflix container, or build the plugin with build_scripts/build_plugin.sh and set HDF5_PLUGIN_PATH.
FAILED [P051_S01_R1_0_D]:
EcfPluginError: Cannot decode /group/pgh004/carrow/data/NECKFLIX/data/P051_S01_R1_0_D/EV.hdf5: the ECF HDF5 plugin is unavailable. Run inside the neckflix container, or build the plugin with build_scripts/build_plugin.sh and set HDF5_PLUGIN_PATH.
FAILED [P051_S01_R4_45_N]:
EcfPluginError: Cannot decode /group/pgh004/carrow/data/NECKFLIX/data/P051_S01_R4_45_N/EV.hdf5: the ECF HDF5 plugin is unavailable. Run inside the neckflix container, or build the plugin with build_scripts/build_plugin.sh and set HDF5_PLUGIN_PATH.
FAILED [P051_S01_R6_90_N]:
EcfPluginError: Cannot decode /group/pgh004/carrow/data/NECKFLIX/data/P051_S01_R6_90_N/EV.hdf5: the ECF HDF5 plugin is unavailable. Run inside the neckflix container, or build the plugin with build_scripts/build_plugin.sh and set HDF5_PLUGIN_PATH.
FAILED [P051_S01_R3_45_D]:
EcfPluginError: Cannot decode /group/pgh004/carrow/data/NECKFLIX/data/P051_S01_R3_45_D/EV.hdf5: the ECF HDF5 plugin is unavailable. Run inside the neckflix container, or build the plugin with build_scripts/build_plugin.sh and set HDF5_PLUGIN_PATH.
FAILED [P052_S01_R2_45_N]:
EcfPluginError: Cannot decode /group/pgh004/carrow/data/NECKFLIX/data/P052_S01_R2_45_N/EV.hdf5: the ECF HDF5 plugin is unavailable. Run inside the neckflix container, or build the plugin with build_scripts/build_plugin.sh and set HDF5_PLUGIN_PATH.
FAILED [P051_S01_R5_90_D]:
EcfPluginError: Cannot decode /group/pgh004/carrow/data/NECKFLIX/data/P051_S01_R5_90_D/EV.hdf5: the ECF HDF5 plugin is unavailable. Run inside the neckflix container, or build the plugin with build_scripts/build_plugin.sh and set HDF5_PLUGIN_PATH.
FAILED [P052_S01_R1_45_D]:
EcfPluginError: Cannot decode /group/pgh004/carrow/data/NECKFLIX/data/P052_S01_R1_45_D/EV.hdf5: the ECF HDF5 plugin is unavailable. Run inside the neckflix container, or build the plugin with build_scripts/build_plugin.sh and set HDF5_PLUGIN_PATH.
FAILED [P052_S01_R4_90_N]:
EcfPluginError: Cannot decode /group/pgh004/carrow/data/NECKFLIX/data/P052_S01_R4_90_N/EV.hdf5: the ECF HDF5 plugin is unavailable. Run inside the neckflix container, or build the plugin with build_scripts/build_plugin.sh and set HDF5_PLUGIN_PATH.
FAILED [P052_S01_R3_90_D]:
EcfPluginError: Cannot decode /group/pgh004/carrow/data/NECKFLIX/data/P052_S01_R3_90_D/EV.hdf5: the ECF HDF5 plugin is unavailable. Run inside the neckflix container, or build the plugin with build_scripts/build_plugin.sh and set HDF5_PLUGIN_PATH.
FAILED [P053_S01_R2_0_N]:
EcfPluginError: Cannot decode /group/pgh004/carrow/data/NECKFLIX/data/P053_S01_R2_0_N/EV.hdf5: the ECF HDF5 plugin is unavailable. Run inside the neckflix container, or build the plugin with build_scripts/build_plugin.sh and set HDF5_PLUGIN_PATH.
FAILED [P053_S01_R1_0_D]:
EcfPluginError: Cannot decode /group/pgh004/carrow/data/NECKFLIX/data/P053_S01_R1_0_D/EV.hdf5: the ECF HDF5 plugin is unavailable. Run inside the neckflix container, or build the plugin with build_scripts/build_plugin.sh and set HDF5_PLUGIN_PATH.
FAILED [P053_S01_R4_45_N]:
EcfPluginError: Cannot decode /group/pgh004/carrow/data/NECKFLIX/data/P053_S01_R4_45_N/EV.hdf5: the ECF HDF5 plugin is unavailable. Run inside the neckflix container, or build the plugin with build_scripts/build_plugin.sh and set HDF5_PLUGIN_PATH.
FAILED [P053_S01_R3_45_D]:
EcfPluginError: Cannot decode /group/pgh004/carrow/data/NECKFLIX/data/P053_S01_R3_45_D/EV.hdf5: the ECF HDF5 plugin is unavailable. Run inside the neckflix container, or build the plugin with build_scripts/build_plugin.sh and set HDF5_PLUGIN_PATH.
FAILED [P053_S01_R6_90_N]:
EcfPluginError: Cannot decode /group/pgh004/carrow/data/NECKFLIX/data/P053_S01_R6_90_N/EV.hdf5: the ECF HDF5 plugin is unavailable. Run inside the neckflix container, or build the plugin with build_scripts/build_plugin.sh and set HDF5_PLUGIN_PATH.
FAILED [P053_S01_R5_90_D]:
EcfPluginError: Cannot decode /group/pgh004/carrow/data/NECKFLIX/data/P053_S01_R5_90_D/EV.hdf5: the ECF HDF5 plugin is unavailable. Run inside the neckflix container, or build the plugin with build_scripts/build_plugin.sh and set HDF5_PLUGIN_PATH.
FAILED [P054_S01_R3_90_D]:
EcfPluginError: Cannot decode /group/pgh004/carrow/data/NECKFLIX/data/P054_S01_R3_90_D/EV.hdf5: the ECF HDF5 plugin is unavailable. Run inside the neckflix container, or build the plugin with build_scripts/build_plugin.sh and set HDF5_PLUGIN_PATH.
FAILED [P054_S01_R1_45_D]:
EcfPluginError: Cannot decode /group/pgh004/carrow/data/NECKFLIX/data/P054_S01_R1_45_D/EV.hdf5: the ECF HDF5 plugin is unavailable. Run inside the neckflix container, or build the plugin with build_scripts/build_plugin.sh and set HDF5_PLUGIN_PATH.
FAILED [P054_S01_R2_45_N]:
EcfPluginError: Cannot decode /group/pgh004/carrow/data/NECKFLIX/data/P054_S01_R2_45_N/EV.hdf5: the ECF HDF5 plugin is unavailable. Run inside the neckflix container, or build the plugin with build_scripts/build_plugin.sh and set HDF5_PLUGIN_PATH.
FAILED [P054_S01_R5_90_N]:
EcfPluginError: Cannot decode /group/pgh004/carrow/data/NECKFLIX/data/P054_S01_R5_90_N/EV.hdf5: the ECF HDF5 plugin is unavailable. Run inside the neckflix container, or build the plugin with build_scripts/build_plugin.sh and set HDF5_PLUGIN_PATH.
FAILED [P055_S01_R2_0_N]:
EcfPluginError: Cannot decode /group/pgh004/carrow/data/NECKFLIX/data/P055_S01_R2_0_N/EV.hdf5: the ECF HDF5 plugin is unavailable. Run inside the neckflix container, or build the plugin with build_scripts/build_plugin.sh and set HDF5_PLUGIN_PATH.
FAILED [P055_S01_R4_45_N]:
EcfPluginError: Cannot decode /group/pgh004/carrow/data/NECKFLIX/data/P055_S01_R4_45_N/EV.hdf5: the ECF HDF5 plugin is unavailable. Run inside the neckflix container, or build the plugin with build_scripts/build_plugin.sh and set HDF5_PLUGIN_PATH.
FAILED [P054_S01_R4_90_D]:
EcfPluginError: Cannot decode /group/pgh004/carrow/data/NECKFLIX/data/P054_S01_R4_90_D/EV.hdf5: the ECF HDF5 plugin is unavailable. Run inside the neckflix container, or build the plugin with build_scripts/build_plugin.sh and set HDF5_PLUGIN_PATH.
FAILED [P055_S01_R1_0_D]:
EcfPluginError: Cannot decode /group/pgh004/carrow/data/NECKFLIX/data/P055_S01_R1_0_D/EV.hdf5: the ECF HDF5 plugin is unavailable. Run inside the neckflix container, or build the plugin with build_scripts/build_plugin.sh and set HDF5_PLUGIN_PATH.
FAILED [P055_S01_R6_90_N]:
EcfPluginError: Cannot decode /group/pgh004/carrow/data/NECKFLIX/data/P055_S01_R6_90_N/EV.hdf5: the ECF HDF5 plugin is unavailable. Run inside the neckflix container, or build the plugin with build_scripts/build_plugin.sh and set HDF5_PLUGIN_PATH.
FAILED [P055_S01_R3_45_D]:
EcfPluginError: Cannot decode /group/pgh004/carrow/data/NECKFLIX/data/P055_S01_R3_45_D/EV.hdf5: the ECF HDF5 plugin is unavailable. Run inside the neckflix container, or build the plugin with build_scripts/build_plugin.sh and set HDF5_PLUGIN_PATH.
FAILED [P055_S01_R5_90_D]:
EcfPluginError: Cannot decode /group/pgh004/carrow/data/NECKFLIX/data/P055_S01_R5_90_D/EV.hdf5: the ECF HDF5 plugin is unavailable. Run inside the neckflix container, or build the plugin with build_scripts/build_plugin.sh and set HDF5_PLUGIN_PATH.
FAILED [P056_S01_R11_90_N]:
EcfPluginError: Cannot decode /group/pgh004/carrow/data/NECKFLIX/data/P056_S01_R11_90_N/EV.hdf5: the ECF HDF5 plugin is unavailable. Run inside the neckflix container, or build the plugin with build_scripts/build_plugin.sh and set HDF5_PLUGIN_PATH.
FAILED [P056_S01_R3_45_D]:
EcfPluginError: Cannot decode /group/pgh004/carrow/data/NECKFLIX/data/P056_S01_R3_45_D/EV.hdf5: the ECF HDF5 plugin is unavailable. Run inside the neckflix container, or build the plugin with build_scripts/build_plugin.sh and set HDF5_PLUGIN_PATH.
FAILED [P056_S01_R10_90_D]:
EcfPluginError: Cannot decode /group/pgh004/carrow/data/NECKFLIX/data/P056_S01_R10_90_D/EV.hdf5: the ECF HDF5 plugin is unavailable. Run inside the neckflix container, or build the plugin with build_scripts/build_plugin.sh and set HDF5_PLUGIN_PATH.
FAILED [P056_S01_R2_0_N]:
EcfPluginError: Cannot decode /group/pgh004/carrow/data/NECKFLIX/data/P056_S01_R2_0_N/EV.hdf5: the ECF HDF5 plugin is unavailable. Run inside the neckflix container, or build the plugin with build_scripts/build_plugin.sh and set HDF5_PLUGIN_PATH.
FAILED [P056_S01_R7_90_N]:
EcfPluginError: Cannot decode /group/pgh004/carrow/data/NECKFLIX/data/P056_S01_R7_90_N/EV.hdf5: the ECF HDF5 plugin is unavailable. Run inside the neckflix container, or build the plugin with build_scripts/build_plugin.sh and set HDF5_PLUGIN_PATH.
FAILED [P056_S01_R1_0_D]:
EcfPluginError: Cannot decode /group/pgh004/carrow/data/NECKFLIX/data/P056_S01_R1_0_D/EV.hdf5: the ECF HDF5 plugin is unavailable. Run inside the neckflix container, or build the plugin with build_scripts/build_plugin.sh and set HDF5_PLUGIN_PATH.
FAILED [P056_S01_R5_45_N]:
EcfPluginError: Cannot decode /group/pgh004/carrow/data/NECKFLIX/data/P056_S01_R5_45_N/EV.hdf5: the ECF HDF5 plugin is unavailable. Run inside the neckflix container, or build the plugin with build_scripts/build_plugin.sh and set HDF5_PLUGIN_PATH.
FAILED [P056_S01_R4_45_D]:
EcfPluginError: Cannot decode /group/pgh004/carrow/data/NECKFLIX/data/P056_S01_R4_45_D/EV.hdf5: the ECF HDF5 plugin is unavailable. Run inside the neckflix container, or build the plugin with build_scripts/build_plugin.sh and set HDF5_PLUGIN_PATH.
FAILED [P056_S01_R6_90_D]:
EcfPluginError: Cannot decode /group/pgh004/carrow/data/NECKFLIX/data/P056_S01_R6_90_D/EV.hdf5: the ECF HDF5 plugin is unavailable. Run inside the neckflix container, or build the plugin with build_scripts/build_plugin.sh and set HDF5_PLUGIN_PATH.
FAILED [P056_S02_R3_45_D]:
EcfPluginError: Cannot decode /group/pgh004/carrow/data/NECKFLIX/data/P056_S02_R3_45_D/EV.hdf5: the ECF HDF5 plugin is unavailable. Run inside the neckflix container, or build the plugin with build_scripts/build_plugin.sh and set HDF5_PLUGIN_PATH.
FAILED [P056_S02_R2_0_N]:
EcfPluginError: Cannot decode /group/pgh004/carrow/data/NECKFLIX/data/P056_S02_R2_0_N/EV.hdf5: the ECF HDF5 plugin is unavailable. Run inside the neckflix container, or build the plugin with build_scripts/build_plugin.sh and set HDF5_PLUGIN_PATH.
FAILED [P056_S01_R8_90_D]:
EcfPluginError: Cannot decode /group/pgh004/carrow/data/NECKFLIX/data/P056_S01_R8_90_D/EV.hdf5: the ECF HDF5 plugin is unavailable. Run inside the neckflix container, or build the plugin with build_scripts/build_plugin.sh and set HDF5_PLUGIN_PATH.
FAILED [P056_S02_R5_45_N]:
EcfPluginError: Cannot decode /group/pgh004/carrow/data/NECKFLIX/data/P056_S02_R5_45_N/EV.hdf5: the ECF HDF5 plugin is unavailable. Run inside the neckflix container, or build the plugin with build_scripts/build_plugin.sh and set HDF5_PLUGIN_PATH.
FAILED [P056_S02_R1_0_D]:
EcfPluginError: Cannot decode /group/pgh004/carrow/data/NECKFLIX/data/P056_S02_R1_0_D/EV.hdf5: the ECF HDF5 plugin is unavailable. Run inside the neckflix container, or build the plugin with build_scripts/build_plugin.sh and set HDF5_PLUGIN_PATH.
FAILED [P056_S02_R7_90_N]:
EcfPluginError: Cannot decode /group/pgh004/carrow/data/NECKFLIX/data/P056_S02_R7_90_N/EV.hdf5: the ECF HDF5 plugin is unavailable. Run inside the neckflix container, or build the plugin with build_scripts/build_plugin.sh and set HDF5_PLUGIN_PATH.
FAILED [P057_S01_R3_45_D]:
EcfPluginError: Cannot decode /group/pgh004/carrow/data/NECKFLIX/data/P057_S01_R3_45_D/EV.hdf5: the ECF HDF5 plugin is unavailable. Run inside the neckflix container, or build the plugin with build_scripts/build_plugin.sh and set HDF5_PLUGIN_PATH.
FAILED [P056_S02_R4_45_D]:
EcfPluginError: Cannot decode /group/pgh004/carrow/data/NECKFLIX/data/P056_S02_R4_45_D/EV.hdf5: the ECF HDF5 plugin is unavailable. Run inside the neckflix container, or build the plugin with build_scripts/build_plugin.sh and set HDF5_PLUGIN_PATH.
FAILED [P056_S02_R6_90_D]:
EcfPluginError: Cannot decode /group/pgh004/carrow/data/NECKFLIX/data/P056_S02_R6_90_D/EV.hdf5: the ECF HDF5 plugin is unavailable. Run inside the neckflix container, or build the plugin with build_scripts/build_plugin.sh and set HDF5_PLUGIN_PATH.
FAILED [P057_S01_R1_0_D]:
EcfPluginError: Cannot decode /group/pgh004/carrow/data/NECKFLIX/data/P057_S01_R1_0_D/EV.hdf5: the ECF HDF5 plugin is unavailable. Run inside the neckflix container, or build the plugin with build_scripts/build_plugin.sh and set HDF5_PLUGIN_PATH.
FAILED [P057_S01_R2_0_N]:
EcfPluginError: Cannot decode /group/pgh004/carrow/data/NECKFLIX/data/P057_S01_R2_0_N/EV.hdf5: the ECF HDF5 plugin is unavailable. Run inside the neckflix container, or build the plugin with build_scripts/build_plugin.sh and set HDF5_PLUGIN_PATH.
FAILED [P057_S01_R5_45_N]:
EcfPluginError: Cannot decode /group/pgh004/carrow/data/NECKFLIX/data/P057_S01_R5_45_N/EV.hdf5: the ECF HDF5 plugin is unavailable. Run inside the neckflix container, or build the plugin with build_scripts/build_plugin.sh and set HDF5_PLUGIN_PATH.
FAILED [P057_S01_R7_90_N]:
EcfPluginError: Cannot decode /group/pgh004/carrow/data/NECKFLIX/data/P057_S01_R7_90_N/EV.hdf5: the ECF HDF5 plugin is unavailable. Run inside the neckflix container, or build the plugin with build_scripts/build_plugin.sh and set HDF5_PLUGIN_PATH.
FAILED [P058_S01_R2_0_N]:
EcfPluginError: Cannot decode /group/pgh004/carrow/data/NECKFLIX/data/P058_S01_R2_0_N/EV.hdf5: the ECF HDF5 plugin is unavailable. Run inside the neckflix container, or build the plugin with build_scripts/build_plugin.sh and set HDF5_PLUGIN_PATH.
FAILED [P057_S01_R4_45_D]:
EcfPluginError: Cannot decode /group/pgh004/carrow/data/NECKFLIX/data/P057_S01_R4_45_D/EV.hdf5: the ECF HDF5 plugin is unavailable. Run inside the neckflix container, or build the plugin with build_scripts/build_plugin.sh and set HDF5_PLUGIN_PATH.
FAILED [P057_S01_R6_90_D]:
EcfPluginError: Cannot decode /group/pgh004/carrow/data/NECKFLIX/data/P057_S01_R6_90_D/EV.hdf5: the ECF HDF5 plugin is unavailable. Run inside the neckflix container, or build the plugin with build_scripts/build_plugin.sh and set HDF5_PLUGIN_PATH.
FAILED [P058_S01_R4_45_N]:
EcfPluginError: Cannot decode /group/pgh004/carrow/data/NECKFLIX/data/P058_S01_R4_45_N/EV.hdf5: the ECF HDF5 plugin is unavailable. Run inside the neckflix container, or build the plugin with build_scripts/build_plugin.sh and set HDF5_PLUGIN_PATH.
FAILED [P058_S01_R1_0_D]:
EcfPluginError: Cannot decode /group/pgh004/carrow/data/NECKFLIX/data/P058_S01_R1_0_D/EV.hdf5: the ECF HDF5 plugin is unavailable. Run inside the neckflix container, or build the plugin with build_scripts/build_plugin.sh and set HDF5_PLUGIN_PATH.
FAILED [P058_S01_R3_45_D]:
EcfPluginError: Cannot decode /group/pgh004/carrow/data/NECKFLIX/data/P058_S01_R3_45_D/EV.hdf5: the ECF HDF5 plugin is unavailable. Run inside the neckflix container, or build the plugin with build_scripts/build_plugin.sh and set HDF5_PLUGIN_PATH.
FAILED [P058_S01_R6_90_N]:
EcfPluginError: Cannot decode /group/pgh004/carrow/data/NECKFLIX/data/P058_S01_R6_90_N/EV.hdf5: the ECF HDF5 plugin is unavailable. Run inside the neckflix container, or build the plugin with build_scripts/build_plugin.sh and set HDF5_PLUGIN_PATH.
FAILED [P058_S01_R5_90_D]:
EcfPluginError: Cannot decode /group/pgh004/carrow/data/NECKFLIX/data/P058_S01_R5_90_D/EV.hdf5: the ECF HDF5 plugin is unavailable. Run inside the neckflix container, or build the plugin with build_scripts/build_plugin.sh and set HDF5_PLUGIN_PATH.
0 cached, 1 skipped, 331 failed
stores written: 332
PASS P001_S01_R1_0_D.zarr
PASS P001_S01_R2_0_N.zarr
PASS P001_S01_R3_45_D.zarr
PASS P001_S01_R4_45_N.zarr
PASS P001_S01_R5_90_D.zarr
PASS P002_S01_R1_0_D.zarr
PASS P002_S01_R2_0_N.zarr
PASS P002_S01_R3_45_D.zarr
PASS P002_S01_R4_45_N.zarr
PASS P003_S01_R1_0_D.zarr
PASS P003_S01_R2_0_N.zarr
PASS P003_S01_R3_45_D.zarr
PASS P003_S01_R4_45_N.zarr
PASS P004_S01_R1_0_D.zarr
PASS P004_S01_R2_0_N.zarr
PASS P004_S01_R3_45_D.zarr
PASS P004_S01_R4_45_N.zarr
PASS P004_S01_R5_90_D.zarr
PASS P004_S01_R6_90_N.zarr
PASS P005_S01_R1_0_D.zarr
PASS P005_S01_R2_0_N.zarr
PASS P005_S01_R3_45_D.zarr
PASS P005_S01_R4_45_N.zarr
PASS P007_S01_R1_0_D.zarr
PASS P007_S01_R2_0_N.zarr
PASS P007_S01_R3_45_D.zarr
PASS P007_S01_R4_45_N.zarr
PASS P008_S01_R1_0_D.zarr
PASS P008_S01_R2_0_N.zarr
PASS P008_S01_R3_45_D.zarr
PASS P008_S01_R4_45_N.zarr
PASS P008_S01_R5_90_D.zarr
PASS P008_S01_R6_90_N.zarr
PASS P009_S01_R1_0_D.zarr
PASS P009_S01_R2_0_N.zarr
PASS P009_S01_R3_45_D.zarr
PASS P009_S01_R4_45_N.zarr
PASS P009_S01_R5_90_D.zarr
PASS P009_S01_R6_90_N.zarr
PASS P009_S02_R1_0_D.zarr
PASS P009_S02_R2_0_N.zarr
PASS P009_S02_R3_45_D.zarr
PASS P009_S02_R4_45_N.zarr
PASS P009_S02_R5_90_D.zarr
PASS P009_S02_R6_90_N.zarr
PASS P010_S01_R1_0_D.zarr
PASS P010_S01_R2_0_N.zarr
PASS P010_S01_R3_45_D.zarr
PASS P010_S01_R4_45_N.zarr
PASS P010_S01_R5_90_D.zarr
PASS P010_S01_R6_90_N.zarr
PASS P011_S01_R1_0_D.zarr
PASS P011_S01_R2_0_N.zarr
PASS P011_S01_R3_45_D.zarr
PASS P011_S01_R4_45_N.zarr
PASS P011_S01_R5_90_D.zarr
PASS P011_S01_R6_90_N.zarr
PASS P012_S01_R1_0_D.zarr
PASS P012_S01_R2_0_N.zarr
PASS P012_S01_R3_45_D.zarr
PASS P012_S01_R4_45_N.zarr
PASS P012_S01_R5_90_D.zarr
PASS P012_S01_R6_90_N.zarr
PASS P013_S01_R1_0_D.zarr
PASS P013_S01_R2_0_N.zarr
PASS P013_S01_R3_45_D.zarr
PASS P013_S01_R4_45_N.zarr
PASS P013_S01_R5_90_D.zarr
PASS P013_S01_R6_90_N.zarr
PASS P014_S01_R1_0_D.zarr
PASS P014_S01_R2_0_N.zarr
PASS P014_S01_R3_45_D.zarr
PASS P014_S01_R4_45_N.zarr
PASS P014_S01_R5_90_D.zarr
PASS P014_S01_R6_90_N.zarr
PASS P014_S02_R1_0_D.zarr
PASS P014_S02_R2_0_N.zarr
PASS P014_S02_R3_45_D.zarr
PASS P014_S02_R4_45_N.zarr
PASS P014_S02_R5_90_D.zarr
PASS P014_S02_R6_90_N.zarr
PASS P014_S03_R1_0_D.zarr
PASS P014_S03_R2_0_N.zarr
PASS P014_S03_R3_45_D.zarr
PASS P014_S03_R4_45_N.zarr
PASS P014_S03_R5_90_D.zarr
PASS P014_S03_R6_90_N.zarr
PASS P015_S01_R1_0_D.zarr
PASS P015_S01_R2_0_N.zarr
PASS P015_S01_R3_0_D.zarr
PASS P015_S01_R4_0_N.zarr
PASS P015_S01_R5_0_D.zarr
PASS P015_S01_R6_0_N.zarr
PASS P015_S01_R7_0_D.zarr
PASS P015_S01_R8_0_N.zarr
PASS P015_S02_R1_45_D.zarr
PASS P015_S02_R2_45_N.zarr
PASS P017_S01_R1_0_D.zarr
PASS P017_S01_R2_0_N.zarr
PASS P017_S01_R3_45_D.zarr
PASS P017_S01_R4_45_N.zarr
PASS P017_S01_R5_90_D.zarr
PASS P017_S01_R6_90_N.zarr
PASS P017_S02_R1_0_D.zarr
PASS P017_S02_R2_0_N.zarr
PASS P017_S02_R3_45_D.zarr
PASS P017_S02_R4_45_N.zarr
PASS P017_S02_R5_90_D.zarr
PASS P017_S02_R6_90_N.zarr
PASS P022_S01_R1_0_D.zarr
PASS P022_S01_R2_0_N.zarr
PASS P022_S01_R3_45_D.zarr
PASS P022_S01_R4_45_N.zarr
PASS P022_S01_R5_90_D.zarr
PASS P022_S01_R6_90_N.zarr
PASS P023_S01_R1_0_D.zarr
PASS P023_S01_R2_0_N.zarr
PASS P023_S01_R3_0_D.zarr
PASS P023_S01_R4_0_N.zarr
PASS P023_S01_R5_45_D.zarr
PASS P023_S01_R6_45_N.zarr
PASS P023_S01_R7_90_D.zarr
PASS P024_S01_R1_0_D.zarr
PASS P024_S01_R2_0_N.zarr
PASS P024_S01_R3_45_D.zarr
PASS P024_S01_R4_45_D.zarr
PASS P024_S01_R5_90_D.zarr
PASS P024_S01_R6_90_N.zarr
PASS P025_S01_R1_0_D.zarr
PASS P025_S01_R2_0_N.zarr
PASS P025_S01_R3_45_D.zarr
PASS P025_S01_R4_45_N.zarr
PASS P025_S01_R5_90_D.zarr
PASS P025_S01_R6_90_N.zarr
PASS P026_S01_R1_0_D.zarr
PASS P026_S01_R2_0_N.zarr
PASS P026_S01_R3_45_D.zarr
PASS P026_S01_R4_45_N.zarr
PASS P026_S01_R5_90_D.zarr
PASS P026_S01_R6_90_N.zarr
PASS P027_S01_R1_0_D.zarr
PASS P027_S01_R2_0_N.zarr
PASS P027_S01_R3_45_D.zarr
PASS P027_S01_R4_45_N.zarr
PASS P027_S01_R5_90_D.zarr
PASS P027_S01_R6_90_N.zarr
PASS P028_S01_R1_45_D.zarr
PASS P028_S01_R2_45_D.zarr
PASS P028_S01_R3_45_N.zarr
PASS P028_S01_R4_90_D.zarr
PASS P028_S01_R5_90_N.zarr
PASS P029_S01_R1_45_D.zarr
PASS P029_S01_R2_45_N.zarr
PASS P029_S01_R3_90_D.zarr
PASS P029_S01_R4_90_N.zarr
PASS P030_S01_R1_0_D.zarr
PASS P030_S01_R2_0_N.zarr
PASS P030_S01_R3_45_D.zarr
PASS P030_S01_R4_45_N.zarr
PASS P030_S01_R5_90_D.zarr
PASS P030_S01_R6_90_N.zarr
PASS P031_S01_R1_0_D.zarr
PASS P031_S01_R2_0_N.zarr
PASS P031_S01_R3_45_D.zarr
PASS P031_S01_R4_45_N.zarr
PASS P031_S01_R5_90_D.zarr
PASS P031_S01_R6_90_N.zarr
PASS P032_S01_R1_0_D.zarr
PASS P032_S01_R2_0_D.zarr
PASS P032_S01_R3_0_N.zarr
PASS P032_S01_R4_45_D.zarr
PASS P032_S01_R5_45_N.zarr
PASS P032_S01_R6_90_D.zarr
PASS P032_S01_R7_90_D.zarr
PASS P032_S01_R8_90_D.zarr
PASS P033_S01_R1_0_D.zarr
PASS P033_S01_R2_0_N.zarr
PASS P033_S01_R3_45_D.zarr
PASS P033_S01_R4_45_N.zarr
PASS P033_S01_R5_90_D.zarr
PASS P033_S01_R6_90_N.zarr
PASS P033_S01_R7_90_D.zarr
PASS P033_S01_R8_90_N.zarr
PASS P034_S01_R1_0_D.zarr
PASS P034_S01_R2_0_N.zarr
PASS P034_S01_R3_45_D.zarr
PASS P034_S01_R4_45_N.zarr
PASS P034_S01_R5_90_D.zarr
PASS P034_S01_R6_90_N.zarr
PASS P035_S01_R1_0_D.zarr
PASS P035_S01_R2_0_N.zarr
PASS P035_S01_R3_45_D.zarr
PASS P035_S01_R4_45_N.zarr
PASS P035_S01_R5_90_D.zarr
PASS P035_S01_R6_90_N.zarr
PASS P036_S01_R1_0_D.zarr
PASS P036_S01_R2_0_N.zarr
PASS P036_S01_R3_45_D.zarr
PASS P036_S01_R4_45_N.zarr
PASS P036_S01_R5_90_D.zarr
PASS P036_S01_R6_90_N.zarr
PASS P037_S01_R1_45_D.zarr
PASS P037_S01_R2_45_D.zarr
PASS P037_S01_R3_45_N.zarr
PASS P037_S01_R4_90_D.zarr
PASS P037_S01_R5_90_N.zarr
PASS P038_S01_R1_0_D.zarr
PASS P038_S01_R2_0_D.zarr
PASS P038_S01_R3_0_N.zarr
PASS P038_S01_R4_45_D.zarr
PASS P038_S01_R5_45_N.zarr
PASS P038_S01_R6_90_D.zarr
PASS P038_S01_R7_90_N.zarr
PASS P039_S01_R1_0_D.zarr
PASS P039_S01_R2_0_N.zarr
PASS P039_S01_R3_45_D.zarr
PASS P039_S01_R4_45_N.zarr
PASS P040_S01_R1_0_D.zarr
PASS P040_S01_R2_0_N.zarr
PASS P040_S01_R3_45_D.zarr
PASS P040_S01_R4_45_N.zarr
PASS P040_S01_R5_90_D.zarr
PASS P040_S01_R6_90_N.zarr
PASS P041_S01_R1_0_D.zarr
PASS P041_S01_R2_0_N.zarr
PASS P041_S01_R3_45_D.zarr
PASS P041_S01_R4_45_N.zarr
PASS P041_S01_R5_45_D.zarr
PASS P041_S01_R6_45_N.zarr
PASS P041_S01_R7_90_D.zarr
PASS P041_S01_R8_90_N.zarr
PASS P043_S01_R1_0_D.zarr
PASS P043_S01_R2_0_N.zarr
PASS P043_S01_R3_45_D.zarr
PASS P043_S01_R4_45_N.zarr
PASS P043_S01_R5_90_D.zarr
PASS P043_S01_R6_90_N.zarr
PASS P044_S01_R1_0_D.zarr
PASS P044_S01_R2_0_D.zarr
PASS P044_S01_R3_0_N.zarr
PASS P044_S01_R4_45_D.zarr
PASS P044_S01_R5_45_N.zarr
PASS P044_S01_R6_90_D.zarr
PASS P044_S01_R7_90_N.zarr
PASS P045_S01_R1_0_D.zarr
PASS P045_S01_R2_0_D.zarr
PASS P045_S01_R3_0_N.zarr
PASS P045_S01_R4_45_D.zarr
PASS P045_S01_R5_45_N.zarr
PASS P045_S01_R6_90_D.zarr
PASS P045_S01_R7_90_N.zarr
PASS P046_S01_R1_0_D.zarr
PASS P046_S01_R2_0_N.zarr
PASS P046_S01_R3_45_D.zarr
PASS P046_S01_R4_45_N.zarr
PASS P046_S01_R5_90_D.zarr
PASS P046_S01_R6_90_N.zarr
PASS P047_S01_R1_0_D.zarr
PASS P047_S01_R2_0_N.zarr
PASS P047_S01_R3_45_D.zarr
PASS P047_S01_R4_45_N.zarr
PASS P047_S01_R5_90_D.zarr
PASS P047_S01_R6_90_N.zarr
PASS P049_S01_R1_0_D.zarr
PASS P049_S01_R2_0_N.zarr
PASS P049_S01_R3_45_D.zarr
PASS P049_S01_R4_45_N.zarr
PASS P049_S01_R5_90_D.zarr
PASS P049_S01_R6_90_N.zarr
PASS P050_S01_R1_0_D.zarr
PASS P050_S01_R2_0_N.zarr
PASS P050_S01_R3_45_D.zarr
PASS P050_S01_R4_45_N.zarr
PASS P050_S01_R5_90_D.zarr
PASS P050_S01_R6_90_N.zarr
PASS P051_S01_R1_0_D.zarr
PASS P051_S01_R2_0_N.zarr
PASS P051_S01_R3_45_D.zarr
PASS P051_S01_R4_45_N.zarr
PASS P051_S01_R5_90_D.zarr
PASS P051_S01_R6_90_N.zarr
PASS P052_S01_R1_45_D.zarr
PASS P052_S01_R2_45_N.zarr
PASS P052_S01_R3_90_D.zarr
PASS P052_S01_R4_90_N.zarr
PASS P053_S01_R1_0_D.zarr
PASS P053_S01_R2_0_N.zarr
PASS P053_S01_R3_45_D.zarr
PASS P053_S01_R4_45_N.zarr
PASS P053_S01_R5_90_D.zarr
PASS P053_S01_R6_90_N.zarr
PASS P054_S01_R1_45_D.zarr
PASS P054_S01_R2_45_N.zarr
PASS P054_S01_R3_90_D.zarr
PASS P054_S01_R4_90_D.zarr
PASS P054_S01_R5_90_N.zarr
PASS P055_S01_R1_0_D.zarr
PASS P055_S01_R2_0_N.zarr
PASS P055_S01_R3_45_D.zarr
PASS P055_S01_R4_45_N.zarr
PASS P055_S01_R5_90_D.zarr
PASS P055_S01_R6_90_N.zarr
PASS P056_S01_R10_90_D.zarr
PASS P056_S01_R11_90_N.zarr
PASS P056_S01_R1_0_D.zarr
PASS P056_S01_R2_0_N.zarr
PASS P056_S01_R3_45_D.zarr
PASS P056_S01_R4_45_D.zarr
PASS P056_S01_R5_45_N.zarr
PASS P056_S01_R6_90_D.zarr
PASS P056_S01_R7_90_N.zarr
PASS P056_S01_R8_90_D.zarr
PASS P056_S02_R1_0_D.zarr
PASS P056_S02_R2_0_N.zarr
PASS P056_S02_R3_45_D.zarr
PASS P056_S02_R4_45_D.zarr
PASS P056_S02_R5_45_N.zarr
PASS P056_S02_R6_90_D.zarr
PASS P056_S02_R7_90_N.zarr
PASS P057_S01_R1_0_D.zarr
PASS P057_S01_R2_0_N.zarr
PASS P057_S01_R3_45_D.zarr
PASS P057_S01_R4_45_D.zarr
PASS P057_S01_R5_45_N.zarr
PASS P057_S01_R6_90_D.zarr
PASS P057_S01_R7_90_N.zarr
PASS P058_S01_R1_0_D.zarr
PASS P058_S01_R2_0_N.zarr
PASS P058_S01_R3_45_D.zarr
PASS P058_S01_R4_45_N.zarr
PASS P058_S01_R5_90_D.zarr
PASS P058_S01_R6_90_N.zarr
332/332 stores pass
